District,Region,Area,outletname,OUTLET TYPE,VC,longitude,latitude,vf
SOUTH,TYR,TYR,SPINNEYS - TYR,Super Market,4,35.218,33.2567,4
BEIRUT,RAS BEIRUT,AIN MREISSEH,UNCLE DEEK,Newelneh,4,35.4875,33.9013,4
BEIRUT,ACHRAFIEH,RMEIL,ASSAAD SAAB GROCERY,GROCERY,6,35.529,33.8887,4
BEIRUT,RAS BEIRUT,AIN MREISSEH,ABOU AL DAHAB,Newelneh,4,35.4928,33.9015,4
MOUNT LEBANON,METN,DEKWANEH,KWIKI MART,Newelneh,5,35.549,33.8863,4
SOUTH,TYR,MAAROUB,SM AL NAKHIL,GROCERY,4,35.3362,33.2855,4
SOUTH,TYR,AITET,ESTHALKET MOHSIN,GROCERY,4,35.3044,33.2296,4
SOUTH,TYR,BAZOURIYE,MM EL MAHTA,GROCERY,5,35.2887,33.252,2
SOUTH,TYR,CHABIYEH,MM ALI SALMAN,GROCERY,4,35.3851,33.2383,2
SOUTH,TYR,SIDIKIN,SM BAKRI,GROCERY,4,35.3078,33.1923,2
SOUTH,TYR,SIDIKIN,MM LBASSAM,GROCERY,4,35.3082,33.1921,2
BEIRUT,ACHRAFIEH,NASRA,SPINNEYS - ASHRAFIEH (ALEXANDRE),Super Market,5,35.5188,33.8846,2
SOUTH,TYR,TYR,ESTHALKET LJNOOB,Super Market,4,35.2198,33.2837,2
SOUTH,TYR,CHABIYEH,MOASASIT EL JAWHRA,GROCERY,4,35.3743,33.2396,2
SOUTH,TYR,TYR,RAMAL EL ASLI,Super Market,4,35.2217,33.2577,2
NABATIEH,NABATIEH,ZEBDINE,RAMAL ELASLI Zebdine,Super Market,4,35.4486,33.3812,2
BEIRUT,ACHRAFIEH,RMEIL,LE CADDIE ASHRAFIYEH,Super Market,5,35.526,33.8911,2
MOUNT LEBANON,METN,NABAA,EL HAJJ EST,GROCERY,4,35.5432,33.887,2
BEIRUT,MOUSAITBEH,MAR ELIAS,El Makhazen (MOSAITBEH),Super Market,5,35.4954,33.8835,2
BEIRUT,RAS BEIRUT,AIN MREISSEH,NESREEN ALTOROUS,Newelneh,4,35.4923,33.9012,2
BEIRUT,RAS BEIRUT,HAMRA,24/7 - HAMRA,GROCERY,5,35.4831,33.8955,2
BEIRUT,MAZRAA,Corniche el Mazraa,MAZEN PLUS,GROCERY,4,35.4932,33.88,2
SOUTH,SAIDA,SARAFAND,RAMA AL ASLI Sarafand,Super Market,4,35.3022,33.4654,2
BEIRUT,MOUSAITBEH,ZARIF,El Makhazen (ZARIF),Super Market,5,35.4946,33.8922,2
BEIRUT,RAS BEIRUT,KRAITEM,QUALITY MARKET,GROCERY,4,35.4806,33.8906,2
SOUTH,NABATIEH,KFAR ROUMMANE,AL TAWFEER Kfar Roman,GROCERY,9,35.4911,33.3875,2
SOUTH,TYR,DEIR QANOUN,FOUAD EL KASIR,GROCERY,4,35.2991,33.3021,2
SOUTH,TYR,DEIR QANOUN,ESTEHLAKIET KASIR LLTAWFER,GROCERY,5,35.301,33.3018,2
BEIRUT,MOUSAITBEH,HAY EL LIJA,El Makhazen (MOUSAITBE),Super Market,5,35.4947,33.8883,2
BEIRUT,RAS BEIRUT,Rawshe,FRESH WAY COOP JNAH,Super Market,5,35.4817,33.8818,2
BEIRUT,ACHRAFIEH,NASRA,GRAB N GO - Rizk HPTL,GROCERY,5,35.5166,33.8861,2
SOUTH,TYR,BAZOURIYE,ISTAHLKET JAWAD EKHWAN,GROCERY,5,35.2708,33.2605,2
NABATIEH,NABATIEH,HABBOUCH,El Makhazen Nabatieh,Super Market,4,35.4722,33.414,2
SOUTH,TYR,CHABIYEH,MM ALI HAIDAR RKAIN,GROCERY,4,35.3743,33.2396,2
SOUTH,TYR,EL MAJADEL,ESTHALKET EL HASAN,GROCERY,4,35.3648,33.2377,2
SOUTH,TYR,JOUIAYA,SM FAWAZ,GROCERY,5,35.3394,33.2383,2
SOUTH,TYR,QANA,SAKSOUK 2 KANA,GROCERY,5,35.2872,33.2156,2
SOUTH,TYR,BORJ EL SHMALI,AL TAWFEER Borj Al Shimali,Super Market,5,35.2177,33.2697,2
MOUNT LEBANON,METN,NACCACHE,SPINNEYS - DBAYEH,Super Market,4,35.5876,33.9247,2
MOUNT LEBANON,JBEIL,MASTITA,SPINNEYS - JBEIL,Super Market,4,35.6547,34.1096,2
SOUTH,TYR,SIDIKIN,MM EL WAFA,GROCERY,4,35.3066,33.1814,2
SOUTH,TYR,AITET,MM SALMAN,GROCERY,5,35.3049294,33.2250069,2
SOUTH,TYR,MAARAKE,MM SLAIMAN,GROCERY,5,35.3093,33.2727,2
NORTH,GREATER TRIPOLI,TRIPOLI CITY,SPINNEYS - TRIPOLI,Super Market,4,35.8243,34.4249,2
BEIRUT,ACHRAFIEH,SODECO,SPINNEYS - ASHAFIYEH (SODECO),Super Market,4,35.5169,33.8884,2
MOUNT LEBANON,BAABDA,BAABDA CITY,Pro Marche Baabda,Super Market,5,35.5435,33.8337,2
BEIRUT,MOUSAITBEH,WATA EL MOUSAITBEH,SM AL HALABI,GROCERY,5,35.4931,33.8756,2
BEIRUT,MOUSAITBEH,WATA EL MOUSAITBEH,AHLA AALAM,Newelneh,4,35.4907,33.875,2
SOUTH,SAIDA,GHAZIYE,Ghadeer Sm,GROCERY,4,35.3684,33.5194,2
SOUTH,SAIDA,GHAZIYE,Hassoun Mm,GROCERY,4,35.3696,33.5219,2
SOUTH,SAIDA,RAHBAT,BEKAE SM.,GROCERY,5,35.3746,33.5568,2
MOUNT LEBANON,BAABDA,HAZMIEH,SPINNEYS - HAZMIEH,Super Market,4,35.5332,33.8625,2
BEIRUT,MOUSAITBEH,WATA EL MOUSAITBEH,MM ABOU WISSAM,GROCERY,4,35.4908,33.8745,2
MOUNT LEBANON,BAABDA,HAZMIEH,Pro Marche Hazmieh,Super Market,9,35.5368,33.852,2
BEIRUT,RAS BEIRUT,HAMRA,SCORE MARKET,GROCERY,5,35.4792,33.8978,2
MOUNT LEBANON,KESERWAN,JOUNIEH CITY,FAHED SUPERMARKET - JOUNIEH,Super Market,4,35.635,33.9849,2
MOUNT LEBANON,METN,BOURJ HAMMOUD,COIN MARKET,GROCERY,4,35.5476,33.8905,2
BEIRUT,RAS BEIRUT,HAMRA,EXPRESS MAJED,GROCERY,4,35.4868,33.8978,2
BEIRUT,RAS BEIRUT,HAMRA,24/7 - KRAITEM,GROCERY,4,35.4818,33.891,2
MOUNT LEBANON,KESERWAN,ZOUK MOSBEH,LE CHARCUTIER ZOUK MOSBEH,Super Market,5,35.6225,33.9504,2
BEIRUT,MOUSAITBEH,WATA EL MOUSAITBEH,GREEN CAFE,Newelneh,4,35.4906,33.8761,2
BEIRUT,RAS BEIRUT,AIN MREISSEH,BEIRUT CAFE,Newelneh,4,35.4885,33.9013,2
BEIRUT,BASHOURA,BECHARA EL KHOURY,Cafe Achour,Newelneh,5,35.5063,33.8908,2
SOUTH,SAIDA,TAAMIR EL HARA,MOKBEL,GROCERY,5,35.3927,33.5585,2
MOUNT LEBANON,KESERWAN,GHAZIR & KFARHBAB,METRO SUPERSTORE,Super Market,4,35.6496,34.008,2
BEIRUT,RMEIL,AL HIKMAT,LE CHARCUTIER Hikmet,GROCERY,5,35.5203,33.8925,2
SOUTH,TYR,BASS,BAIT EL QAHWE,GROCERY,5,35.214,33.2746,2
MOUNT LEBANON,JBEIL,MASTITA,LE CHARCUTIER Mastita,GROCERY,5,35.6542,34.1041,2
MOUNT LEBANON,METN,SIN EL FIL,LE CHARCUTIER Saloumi,GROCERY,5,35.5408,33.8819,2
SOUTH,TYR,TYR,MM EL KHATIB,GROCERY,4,35.1996,33.2677,2
SOUTH,TYR,TYR,ESTHALKET EL JNOOB,Super Market,4,35.2019,33.2717,2
MOUNT LEBANON,METN,DEKWANEH,LE CHARCUTIER Pros Café,GROCERY,5,35.5534,33.8803,2
SOUTH,TYR,TYR,MM MATAR,GROCERY,4,35.2035,33.2675,2
MOUNT LEBANON,METN,SIN EL FIL,LE CHARCUTIER Jisr El Basha,Super Market,5,35.5416,33.8665,2
MOUNT LEBANON,METN,BOURJ HAMMOUD,Keshkerian Coop,GROCERY,5,35.545,33.8889,2
MOUNT LEBANON,METN,MANSOURIEH,LE CHARCUTIER Mansourieh,GROCERY,9,35.5814,33.8541,2
MOUNT LEBANON,METN,,LE CHARCUTIER Sid El Bouchrieh,GROCERY,9,35.5604,33.8868,2
BEIRUT,ACHRAFIEH,SIOUFI,SIOUFI SUPERMARKET,GROCERY,5,35.5267,33.8853,2
MOUNT LEBANON,METN,RABIEH,LE CHARCUTIER (RABIEH),GROCERY,5,35.6018,33.9158,2
BEIRUT,MOUSAITBEH,MAR ELIAS,TAREK YASSINE,SPECIALIST,4,35.4941,33.8809,2
MOUNT LEBANON,DAHYEH,Ozai,El AMLIEH HYPER Ozai,Super Market,4,35.4967,33.8495,2
BEIRUT,RAS BEIRUT,HAMRA,D2D MART HAMRA,Newelneh,4,35.4852,33.8965,2
MOUNT LEBANON,METN,JAL EL DIEB,LE CHARCUTIER (ANTELIAS),Super Market,5,35.5814,33.9115,2
MOUNT LEBANON,METN,ZALKA,FAHED SM - NAHR EL MOT,Super Market,4,35.569,33.8981,2
MOUNT LEBANON,METN,NACCACHE,LE CHARCUTIER(NACCACHE),Super Market,5,35.5909,33.9227,2
SOUTH,SAIDA,KFAR HATTA,Abo Hamze Mm,GROCERY,5,35.4456,33.5099,2
BEIRUT,MOUSAITBEH,WATA EL MOUSAITBEH,SPINNYES - JNAH,Super Market,4,35.4899281,33.8730949,2
MOUNT LEBANON,DAHYEH,HARET HREIK,AL WATANIEHW Harat,Super Market,5,35.5082,33.8514,2
BEIRUT,RAS BEIRUT,HAMRA,AM PM - BRISTOL,GROCERY,5,35.4843,33.894,2
BEIRUT,MOUSAITBEH,MAR ELIAS,24/7 - MAR ELIAS,GROCERY,4,35.4918,33.8833,2
BEIRUT,MOUSAITBEH,MAR ELIAS,Z MART,GROCERY,5,35.4907,33.8815,2
BEIRUT,MOUSAITBEH,MAR ELIAS,AM PM - MAR ELIAS,GROCERY,5,35.4941,33.8898,2
BEIRUT,RAS BEIRUT,Rawshe,Nadine Express,Newelneh,4,35.4729,33.8909,2
BEIRUT,RAS BEIRUT,VERDUN,FENJAN QAHWA,Newelneh,5,35.4876,33.8914,2
MOUNT LEBANON,BAABDA,HADATH,YALA STOP - HADATH,Petrol Station,5,35.5357,33.8412,2
MOUNT LEBANON,BAABDA,HAZMIEH,Pro Marche El Saha Hazmieh,Super Market,5,35.548,33.8544,2
MOUNT LEBANON,DAHYEH,HARET HREIK,El AMLIEH Haret Hreik,Super Market,4,35.5144,33.8582,2
MOUNT LEBANON,METN,BOURJ HAMMOUD,Jamil Market,GROCERY,5,35.536,33.8901,2
BEIRUT,RAS BEIRUT,Rawshe,Monaco Market,GROCERY,4,35.4737,33.8887,2
BEIRUT,RAS BEIRUT,Rawshe,3Mo Al Dikkanji Rawshe,GROCERY,4,35.4742,33.8882,2
SOUTH,TYR,CHABIYEH,ABO KASSEM RKIN,GROCERY,4,35.3726,33.2395,2
SOUTH,TYR,TYR,MOASASIT YOUSSEF KATTOURA,GROCERY,5,35.1954,33.2734,2
MOUNT LEBANON,DAHYEH,BOURJ EL BARAJNEH,RAMAL Rwais,Super Market,4,35.5147,33.849,2
SOUTH,SAIDA,AAKBEYE,SAHEL,GROCERY,5,35.3202,33.4683,2
MOUNT LEBANON,KESERWAN,ZOUK MOSBEH,YALA STOP Yaso3 El Malak,Petrol Station,5,35.6042,33.9577,2
MOUNT LEBANON,KESERWAN,ZOUK MICHAEL,GRAB N GO - ZOUK,Petrol Station,5,35.6114,33.9736,2
BEIRUT,RMEIL,AL HIKMAT,SPINNEYS - ASHRAFIYEH (SAGESSE),Super Market,4,35.5211,33.8913,2
MOUNT LEBANON,ALEY,CHOUEIFAT,Happy - Choueifat,GROCERY,9,35.5053,33.8039,2
BEIRUT,RAS BEIRUT,HAMRA,365 MARKET,GROCERY,4,35.4823,33.8962,2
BEIRUT,RAS BEIRUT,HAMRA,KHALED KIOSK,KIOSK,4,35.4783,33.8969,2
MOUNT LEBANON,METN,SIN EL FIL,YALA STOP - SIN EL FIL (ST RITA),Petrol Station,5,35.5365,33.8722,2
MOUNT LEBANON,KESERWAN,BALLOUNE,YALA STOP - BALLOUNEH,Petrol Station,5,35.6667,33.9516,2
MOUNT LEBANON,KESERWAN,ZOUK MICHAEL,YALA STOP - Espass,Petrol Station,5,35.6093,33.9716,2
MOUNT LEBANON,KESERWAN,ZOUK MOSBEH,YALA STOP - ZOUK MOSBEH (BOURJI),Petrol Station,6,35.6044,33.9626,2
MOUNT LEBANON,METN,DORA,YALA STOP - DORA,Petrol Station,4,35.5541,33.8949,2
SOUTH,SAIDA,QODOS,HABLI MM,GROCERY,4,35.3766,33.5601,2
MOUNT LEBANON,DAHYEH,AMERCAN,RAMAL OLD SAIDA ST,Super Market,4,35.5268,33.8532,2
MOUNT LEBANON,METN,DEKWANEH,YALA STOP - MAR ROUKOZ,Petrol Station,5,35.5515,33.8748,2
BEIRUT,RAS BEIRUT,HAMRA,SPINNEYS - HAMRA (AUH),Super Market,4,35.4848,33.8972,2
SOUTH,SAIDA,BOUSTAN EL KBIR,MAHER SOOUD,GROCERY,5,35.3798,33.5716,2
MOUNT LEBANON,ALEY,BCHEMOUN,El Makhazen BCHAMOUN,Super Market,5,35.4968,33.7907,2
SOUTH,SAIDA,KAYAA,BASSAM SM - KAYA3A,GROCERY,5,35.3834,33.5616,2
SOUTH,SAIDA,MAJDLYOUN,BASSAM SM - MAJDLYOUN,GROCERY,5,35.41,33.5609,2
SOUTH,SAIDA,DALAA,SAFADI MM,GROCERY,5,35.3784,33.5592,2
MOUNT LEBANON,KESERWAN,BALLOUNE,BONJOUR BALLOUNE,GROCERY,9,35.673,33.9489,2
MOUNT LEBANON,JBEIL,NAHER IBRAHIM,BONJOUR Nahr Ibrahim,Petrol Station,5,35.6446,34.0714,2
MOUNT LEBANON,METN,SIN EL FIL,YALA STOP - SIN EL FIL (JJF),Petrol Station,5,35.5411,33.8734,2
NABATIEH,NABATIEH,AADCHIT ECH CHQIF,JAFFAL M.M,GROCERY,4,35.4221,33.3466,2
MOUNT LEBANON,BAABDA,CHIYAH,El Makhazen CHIAH,Super Market,4,35.5149,33.866,2
MOUNT LEBANON,ALEY,CHOUEIFAT,ALWATANIEH,GROCERY,5,35.51,33.8059,2
BEIRUT,RAS BEIRUT,HAMRA,El Makhazen RAS BEIRUT,Super Market,5,35.4761,33.8959,2
MOUNT LEBANON,KESERWAN,JOUNIEH CITY,YALA STOP - JOUNIEH,Petrol Station,5,35.6301,33.9823,2
MOUNT LEBANON,KESERWAN,SAHEL ALMA,BONJOUR - Casino,Petrol Station,5,35.6472,34.0023,2
MOUNT LEBANON,METN,DORA,BONJOUR - DORA SEA SIDE,Petrol Station,4,35.5613,33.899,2
BEIRUT,RAS BEIRUT,VERDUN,BONJOUR (CONCORDE),Super Market,5,35.4853,33.8917,2
MOUNT LEBANON,ALEY,KABER SHMOUN,El Makhazen Kaber Shmoun,Super Market,5,35.5427,33.7529,2
MOUNT LEBANON,ALEY,AARAMOUN,El Makhazen Dawhet Aaramoun,Super Market,6,35.488,33.7944,2
MOUNT LEBANON,METN,DEKWANEH,GRAB N GO - Free Way,Petrol Station,5,35.5446,33.8833,2
SOUTH,TYR,QANA,Saad AYTIT,GROCERY,5,35.3163,33.2093,2
SOUTH,TYR,RMADIEH,BORJI STATION,Petrol Station,4,35.2771,33.2006,2
SOUTH,TYR,TYR,SM ZAIDAN,GROCERY,4,35.2025,33.2668,2
SOUTH,TYR,BORJ EL SHMALI,FAJR MARKET,GROCERY,5,35.2319,33.2657,2
BECAA,WEST BECAA,JEB JANNINE,El Makhazen JEB JANNINE,Super Market,5,35.7924,33.63,2
MOUNT LEBANON,ALEY,KHALDE,El Makhazen KHALDE,Super Market,6,35.4753,33.7823,2
BEIRUT,RAS BEIRUT,VERDUN,El Makhazen VERDUN,Super Market,5,35.485,33.8897,2
NABATIEH,BENT JBEIL,TEBNINE,SM ABOU KAMAL HOSPITAL,GROCERY,5,35.4178,33.1981,2
BEIRUT,RMEIL,AL HIKMAT,YALA STOP Hikmet,GROCERY,5,35.5229,33.892,2
BEIRUT,RAS BEIRUT,HAMRA,El Makhazen HAMRA,Super Market,5,35.4801,33.8965,2
MOUNT LEBANON,METN,BOURJ HAMMOUD,KHABBAZ,GROCERY,5,35.5456,33.8936,2
MOUNT LEBANON,METN,BOURJ HAMMOUD,Matar Market,GROCERY,5,35.5446,33.8892,2
MOUNT LEBANON,SHOUF,KETERMEYA,El Makhazen KETERMAYA,Super Market,6,35.4666,33.6144,2
MOUNT LEBANON,JBEIL,MONSEF,YALA STOP - MONSEF,Petrol Station,5,35.636,34.1835,2
NORTH,GREATER TRIPOLI,TRIPOLI CITY,El Makhazen Condor,Super Market,4,35.8297,34.4442,2
NORTH,GREATER TRIPOLI,TRIPOLI CITY,El Makhazen Metein,Super Market,4,35.8357,34.442,2
BEIRUT,MAZRAA,RAS EL NABAA,ABOU JAAFAR,GROCERY,4,35.5075,33.884,2
BEIRUT,MOUSAITBEH,TALLET KHAYAT,CHEESE AND OLIVES FAKHANI,GROCERY,4,35.4863,33.8852,2
MOUNT LEBANON,SHOUF,SAADIAT,El Makhazen Saadiat,Super Market,6,35.44,33.6899,2
SOUTH,SAIDA,AQBIYI,CAFE RAIN,GROCERY,5,35.3187,33.4676,2
SOUTH,SAIDA,GHAZIYE,Chamsddene,GROCERY,5,35.3622,33.512,2
SOUTH,SAIDA,HILALIYEH,BELAL AFAARA MM,GROCERY,5,35.3921,33.5658,2
NABATIEH,NABATIEH,DWEIR,MATAR ELASLE LEL TAMWIN ELAAELE,GROCERY,5,35.423,33.3918,2
BEIRUT,ACHRAFIEH,HOTEL DIEU,HIBOU - HOTEL DIEU,GROCERY,4,35.5231,33.8842,2
BECAA,ZAHLE,Zahleh Rural,YALA STOP - TAANAYEL,Petrol Station,5,35.883,33.7872,2
MOUNT LEBANON,SHOUF,SEMQANIYE,El Makhazen Semqaniye,Super Market,5,35.5874,33.6824,2
BEIRUT,SAIFI,SAIFI VILLAGE,YALA STOP - SAIFI,Petrol Station,4,35.5097,33.8943,2
BEIRUT,RAS BEIRUT,HAMRA,BLISS DO R,Newelneh,4,35.4827,33.8992,2
BEIRUT,RAS BEIRUT,HAMRA,BLISS MARKET,GROCERY,4,35.4787,33.8985,2
BEIRUT,MAZRAA,BOURJ ABOU HAYDAR,El Makhazen BORJ ABO HAIDA,Super Market,5,35.4996,33.8834,2
BEIRUT,RAS BEIRUT,VERDUN,KING MARKET,GROCERY,5,35.4875,33.8932,2
BEIRUT,BASHOURA,BECHARA EL KHOURY,TIA CAFE,Newelneh,5,35.507,33.8898,2
MOUNT LEBANON,SHOUF,BARJA,El Makhazen Barja,Super Market,6,35.4323,33.66,2
MOUNT LEBANON,SHOUF,DARAYA,El Makhazen Daraya,GROCERY,6,35.5041,33.6346,2
SOUTH,SAIDA,GHAZIYE,Saada Sm .,GROCERY,6,35.3622,33.5119,2
SOUTH,SAIDA,TAAMIR EL HARA,DIMA SM,GROCERY,4,35.3962,33.5557,2
NABATIEH,NABATIEH,ANKOUN,Mini Market Korkomaz,GROCERY,5,35.4168,33.5045,2
SOUTH,SAIDA,HAY EL BARAD,SINDEBAD MM,GROCERY,5,35.3809,33.5679,2
SOUTH,SAIDA,MIYEH W MIYEH,BELANY MM,GROCERY,5,35.3841,33.5461,2
BECAA,ZAHLE,Zahleh Rural,El Makhazen FERZOL,Super Market,5,35.952,33.8627,2
NABATIEH,NABATIEH,ZEBDINE,MINI MALL,GROCERY,5,35.4681,33.377,2
BEIRUT,RAS BEIRUT,HAMRA,YALA STOP BLISS,Super Market,5,35.4788,33.898,2
MOUNT LEBANON,METN,EL QALAA,El Makhazen QALAA,Super Market,5,35.7323,33.8364,2
MOUNT LEBANON,METN,BOURJ HAMMOUD,CHEZ VIKEN,GROCERY,5,35.5393,33.8918,2
MOUNT LEBANON,METN,NABAA,Imad Dakramanji,GROCERY,5,35.5406,33.8883,2
BEIRUT,ACHRAFIEH,SASSINE,MOUNIF NASSAR,GROCERY,6,35.5204,33.8881,2
BEIRUT,MARFAA,BEIRUT PORT,BONJOUR PORT,Petrol Station,5,35.5331,33.898,2
BEIRUT,RAS BEIRUT,HAMRA,YALA STOP HAMRA,Super Market,5,35.4836,33.8939,2
BEIRUT,RAS BEIRUT,HAMRA,CHOUMAN EXPRESS,Newelneh,4,35.4832,33.8941,2
BEIRUT,ZOUKAK BLAT,PATRIARCAT,ATRISS CAFE,Newelneh,4,35.4985,33.8938,2
BECAA,ZAHLE,Zahleh Rural,El Makhazen (TAALABAYA),Super Market,5,35.8683,33.8179,2
BEIRUT,BASHOURA,BECHARA EL KHOURY,TRIO CAFE,Newelneh,5,35.5067,33.8901,2
MOUNT LEBANON,SHOUF,DMIT,El Makhazen AL MANASEF,Super Market,6,35.5146,33.6898,2
MOUNT LEBANON,METN,DBAYEH,YALA STOP - DBAYEH,Petrol Station,6,35.5893,33.9364,2
SOUTH,TYR,AL KHARAYEB,MOAASAST ALTTABL ALTIJARIA,GROCERY,5,35.3021,33.3464,2
SOUTH,TYR,DEIR QANOUN EL NAHER,YOUCHAA FRUTS,GROCERY,5,35.299,33.302,2
SOUTH,TYR,ABASIYEH,SM AJAMY ( City),GROCERY,5,35.228,33.2861,2
MOUNT LEBANON,ALEY,ALEY,El Makhazen AALEY AL MALAAB,GROCERY,9,35.6017,33.8086,2
SOUTH,TYR,MAARAKE,MM SLIM,GROCERY,5,35.2182,33.2766,2
SOUTH,TYR,AIN BAAL,EL TAIB,GROCERY,4,35.2352,33.2448,2
MOUNT LEBANON,ALEY,ALEY,El Makhazen AALEY,GROCERY,9,35.5995,33.8041,2
BEIRUT,ACHRAFIEH,SIOUFI,HANNA GHARIB MM,GROCERY,5,35.525,33.885,2
BEIRUT,RAS BEIRUT,AIN MREISSEH,AL OMDA CAFE,Newelneh,4,35.4887,33.9012,2
BEIRUT,RAS BEIRUT,HAMRA,MM EL KARAMY,GROCERY,5,35.4812,33.8948,2
MOUNT LEBANON,KESERWAN,GHAZIR & KFARHBAB,BONJOUR - GHAZIR,Petrol Station,6,35.6494,34.0114,2
MOUNT LEBANON,METN,DORA,BONJOUR - DORA HIGHWAY,Petrol Station,4,35.5552,33.8948,2
MOUNT LEBANON,METN,ZALKA,BONJOUR NAHER EL MOT,Petrol Station,9,35.568,33.8979,2
BEIRUT,MOUSAITBEH,WATA EL MOUSAITBEH,BONJOUR UNESCO,Super Market,5,35.4859,33.875,2
MOUNT LEBANON,SHOUF,BEITEDDINE,BONJOUR BEIT EL DIN,Petrol Station,5,35.5811,33.695,2
SOUTH,SAIDA,DALAA,ALMOSTAPHA MM,GROCERY,6,35.3787,33.5605,2
MOUNT LEBANON,KESERWAN,AAJALTOUN,LA VALEUR Aajaltoun,Super Market,5,35.6839,33.9664,2
BEIRUT,ACHRAFIEH,SASSINE,MARCELLE KIOSK,KIOSK,5,35.5206,33.8874,2
MOUNT LEBANON,METN,BROUMANA,Pro Marche (Broumana),GROCERY,5,35.6287,33.883,2
NORTH,GREATER TRIPOLI,TRIPOLI CITY,El Makhazen Al Maarad,Super Market,4,35.8329,34.4351,2
MOUNT LEBANON,METN,ANTELIAS,O & C,Region,9,35.5811,33.9115,2
NORTH,GREATER TRIPOLI,TRIPOLI CITY,BONJOUR Metein,Petrol Station,4,35.8404034,34.4417282,2
BEIRUT,RAS BEIRUT,KRAITEM,AL FAKHANI (SAKIEH),GROCERY,4,35.4797,33.8883,2
MOUNT LEBANON,JBEIL,JBEIL CITY,JBEIL SUPERMARKET,Super Market,4,35.6484,34.1289,2
BEIRUT,RAS BEIRUT,HAMRA,MM ITANI,GROCERY,5,35.4817,33.8926,2
MOUNT LEBANON,METN,QORNET CHEHWAN,STORIUM SALIBA,Super Market,4,35.6308,33.9205,2
BEIRUT,MOUSAITBEH,ZARIF,DARWISH MM,GROCERY,5,35.4931,33.8901,2
BEIRUT,MAZRAA,BADARO,BOUCHRIEH BCHARA,GROCERY,5,35.5162,33.8734,2
NABATIEH,NABATIEH,TOUL,DRAGSTOE RAHAL,GROCERY,5,35.4436,33.3849,2
MOUNT LEBANON,METN,BEIT EL KEKKO,LA VALEUR(BEIT EL KOUKO),Super Market,4,35.6355,33.9252,2
SOUTH,SAIDA,KAYAA,ABED BABA SM,GROCERY,5,35.3866,33.5664,2
NABATIEH,NABATIEH,HABBOUCH,Albayadar MM,GROCERY,6,35.4783,33.41,2
NABATIEH,NABATIEH,KFAR ROUMMANE,RONY MARKET,GROCERY,5,35.5138,33.3931,2
MOUNT LEBANON,METN,DORA,YALA STOP ( Milan),Petrol Station,5,35.5605,33.8953,2
NABATIEH,NABATIEH,NABATIEH EL TAHTA,YASSINE SM,GROCERY,5,35.4858,33.3831,2
BEIRUT,ACHRAFIEH,RMEIL,COIN MARKET JEITAWI,GROCERY,4,35.5263,33.8924,2
MOUNT LEBANON,METN,NABAA,FRESH CORNER,GROCERY,6,35.5369,33.8871,2
MOUNT LEBANON,KESERWAN,ZOUK MOSBEH,LA VALEUR (NEW ZOUK),Super Market,5,35.6054,33.9592,2
MOUNT LEBANON,JBEIL,AAMCHIT,GRAB N GO (AAMCHIT to Tripoli),Petrol Station,5,35.6457,34.1356,2
MOUNT LEBANON,JBEIL,HALAT,GRAB N GO (HALAT to Beirut),Petrol Station,5,35.6515,34.0891,2
BEIRUT,BASHOURA,BECHARA EL KHOURY,AUTOMATICO CAFE,Newelneh,5,35.5067,33.8901,2
MOUNT LEBANON,DAHYEH,ST. THARESE,RAMAL ST THEARESE,Super Market,5,35.5267,33.8455,2
BECAA,BAALBECK,BEDNAYEL,El Tawfeer Bednayel,GROCERY,4,36.0208,33.9162,2
SOUTH,SAIDA,GHAZIYE,El AMLIEH Ghazieh,Super Market,4,35.3628,33.5201,2
BEIRUT,RAS BEIRUT,HAMRA,SPECIAL,GROCERY,5,35.4748,33.8977,2
SOUTH,NABATIEH,DWEIR,AL TAWFEER (DWEIR),GROCERY,9,35.4196,33.3954,2
SOUTH,SAIDA,SARAFAND,AL TAWFEER (SARAFAND),GROCERY,9,35.2848,33.4531,2
SOUTH,SAIDA,HAY EL NJASA,BEKALA MARKET,GROCERY,5,35.3761,33.557,2
SOUTH,SAIDA,GHAZIYE,Alabbas Sm,GROCERY,5,35.3611,33.5096,2
SOUTH,SAIDA,HILALIYEH,QUEEN STATION,GROCERY,5,35.3925,33.5685,2
SOUTH,TYR,ABASIYEH,AL TAWFEER EXPRESS (AABASIEH),Super Market,4,35.234,33.2869,2
SOUTH,SAIDA,DALAA,ABO LAYLE MM,GROCERY,5,35.3782,33.5585,2
SOUTH,TYR,QANA,AL TAWFEER EXPRESS (QANA),Super Market,5,35.2919,33.2135,2
SOUTH,SAIDA,Qraieh,JABOUR MM.,GROCERY,5,35.4072,33.5457,2
BECAA,ZAHLE,Zahleh Rural,RAMAL AL ASLI Taanayel,Super Market,5,35.8594,33.8089,2
SOUTH,TYR,MAJADEL,AL TAWFEER EXPRESS (MJADEL),Super Market,5,35.3569,33.2345,2
SOUTH,SAIDA,HARET SAIDA,ZIEN MM,GROCERY,5,35.3853,33.5578,2
SOUTH,SAIDA,KRAYEH,AL TAWFEER (AIN AL DELIB),Super Market,5,35.4033,33.5521,2
MOUNT LEBANON,METN,SIN EL FIL,GRAB N GO - Sin El Fil,GROCERY,5,35.5332,33.8772,2
NABATIEH,NABATIEH,NMAYRIYE,MM NAJAM,GROCERY,5,35.4023,33.4208,2
BEIRUT,RAS BEIRUT,HAMRA,El Makhazen (COMODOR),Super Market,5,35.4812,33.8947,2
SOUTH,TYR,KFAR DOUNINE,RAMMAL (KFARDOUNIN),Super Market,4,35.4041,33.2299,2
NABATIEH,NABATIEH,SHARKIEH,SM ALEASFUR,GROCERY,5,35.4199,33.4015,2
SOUTH,SAIDA,BERRI BOULVARD,AHMAD SM,GROCERY,5,35.406,33.5596,2
BEIRUT,MAZRAA,BADARO,GRAB N GO (Badaro),Petrol Station,5,35.5157,33.8723,2
SOUTH,TYR,ABASIYEH,MM AL ISRAA (Haidar),GROCERY,4,35.2306,33.2856,2
SOUTH,TYR,TYR,El AMLIEH Tyr,Super Market,4,35.2151,33.2761,2
SOUTH,TYR,DEIR QANOUN EL NAHER,MAHALLAT NAJDI,GROCERY,5,35.2999,33.3019,2
SOUTH,SAIDA,GHAZIYE,AL TAWFEER GHAZIEH,GROCERY,9,35.361,33.5095,2
SOUTH,TYR,BORJ QALAOUIYE,ZAD LILTAMWEEN,GROCERY,5,35.4189,33.2685,2
SOUTH,TYR,DEIR QANOUN,SM BEIT SETTY,GROCERY,5,35.3086,33.3005,2
NABATIEH,BENT JBEIL,FROUN,MM EL ZAHRAA,GROCERY,6,35.429,33.2939,2
NABATIEH,NABATIEH,HAROUF,MM HIBA,GROCERY,5,35.4466,33.3823,2
NABATIEH,NABATIEH,ARNOUN,AAZOZ LLTAMWEN,GROCERY,5,35.5052,33.3514,2
SOUTH,SAIDA,SAYNIK,RAMALSynik,Super Market,4,35.3654,33.5342,2
SOUTH,TYR,TYR,MM HAMZEH,GROCERY,5,35.2224,33.2768,2
SOUTH,TYR,KAFRA,RAMAL KAFRA,Super Market,4,35.3224,33.1697,2
BEIRUT,RAS BEIRUT,HAMRA,GRAB N GO - HAMRA CLEMENCEAU,Super Market,4,35.4919,33.8952,2
NABATIEH,NABATIEH,ZAOUTAR EL CHARQIYE,MM YASIN,GROCERY,4,35.4781,33.3276,2
MOUNT LEBANON,JBEIL,AMCHIT,GRAB N GO (Amchit to Beirut),Petrol Station,5,35.6374,34.1414,2
BEIRUT,ACHRAFIEH,SIOUFI,GRAB N GO (SIOUFI),Petrol Station,5,35.5234,33.8868,2
MOUNT LEBANON,BAABDA,BAABDA CITY,BONJOUR - CAMELLIA,Petrol Station,5,35.545,33.8495,2
SOUTH,TYR,EL MAJADEL,ESTHALKET EL ZAHRAA,GROCERY,5,35.3558,33.2336,2
MOUNT LEBANON,BAABDA,JAMMHOUR,BONJOUR - JAMHOUR to Bekaa,Petrol Station,4,35.5742,33.8286,2
SOUTH,TYR,HAWSH,EL KASSEM MARKET,GROCERY,5,35.2342,33.2484,2
SOUTH,TYR,MAARAKE,ESTHALKET EL SHARIQ,GROCERY,5,35.3125,33.2715,2
NABATIEH,BENT JBEIL,KHERBET SELEM,CHAABAN MARKET,GROCERY,4,35.4132,33.2307,2
MOUNT LEBANON,BAABDA,JAMMHOUR,BONJOUR - LOUAIZEH to Beirut,Petrol Station,5,35.5685,33.8327,2
SOUTH,TYR,TYR,MM TAFLA,GROCERY,5,35.2006,33.2674,2
MOUNT LEBANON,METN,MTAILEB,SPINNEYS - MTAYLIB,Super Market,4,35.6246,33.9242,2
SOUTH,TYR,AIN BAAL,ESTHALKET EL REDA,GROCERY,5,35.2393,33.2422,2
SOUTH,SAIDA,THE SQUARE,SPINNEYS - SAIDA,Super Market,4,35.3795,33.5588,2
MOUNT LEBANON,ALEY,CHOUEIFAT,Happy - CHOUWAYFET (SPOT),Super Market,4,35.4898,33.8015,2
SOUTH,TYR,BAZOURIYE,MM KASAB,GROCERY,5,35.273,33.259,2
MOUNT LEBANON,BAABDA,Chevrolet,YALA STOP - CHEVROLET,Petrol Station,5,35.5282,33.8655,2
SOUTH,TYR,CHABIYEH,MM EL CHABIYA,GROCERY,5,35.3789,33.241,2
MOUNT LEBANON,METN,FANAR,YALA STOP - FANAR,Petrol Station,5,35.5618,33.8843,2
SOUTH,TYR,MAARAKE,ESTEHLAKIET MAARAKE,GROCERY,5,35.3177,33.2709,2
MOUNT LEBANON,METN,AIN SAADE,YALA STOP - MONTE VERDE,Petrol Station,5,35.5854,33.8551,2
BEIRUT,MOUSAITBEH,BORJ ABI HAIDAR,BONJOUR - BOURJ ABOU HAIDAR,Super Market,5,35.4976,33.881,2
SOUTH,TYR,RAS EL EIN,SM EL REEM,GROCERY,4,35.2226,33.2387,2
BEIRUT,MOUSAITBEH,HAY EL LIJA,BONJOUR - MOUSAYTBE,Super Market,5,35.4979,33.8875,2
BEIRUT,MAZRAA,MAZRAA,BONJOUR - MAZRAA,Super Market,5,35.4966,33.8791,2
BEIRUT,MAJIDIYEH,DOWN TOWN,SPINNEYS - DT,Super Market,4,35.5028,33.8991,2
BEIRUT,RAS BEIRUT,KRAITEM,SPINNEYS - Qraytem,Super Market,5,35.4792,33.886,2
BEIRUT,MAZRAA,MAZRAA,YALA STOP - Mazraa,Super Market,5,35.4993,33.8785,2
BEIRUT,MOUSAITBEH,Ramlet Al Bayda,YALA STOP - UNESCO,Super Market,5,35.486,33.8775,2
NABATIEH,NABATIEH,HAROUF,RAMAL (Habbouch),Super Market,4,35.4859,33.3952,2
BEIRUT,RMEIL,MAR MICHAEL,BONJOUR - Pierre Gemayel,Newelneh,5,35.5357,33.8953,2
BEIRUT,BASHOURA,BECHARA EL KHOURY,CHARTONI CAFE,Newelneh,5,35.5065,33.8899,2
MOUNT LEBANON,METN,BOURJ HAMMOUD,Maarkish,GROCERY,4,35.5492,33.8937,2
MOUNT LEBANON,METN,BOURJ HAMMOUD,El Makhazen (Borj Hammoud),GROCERY,6,35.5364,33.8889,2
MOUNT LEBANON,METN,MAZRAAT YACHOUA,LA VALEUR (Mazrat Yashou3),Super Market,4,35.6297,33.9274,2
BEIRUT,RMEIL,MAR MICHAEL,Ble Dor,GROCERY,4,35.526,33.8971,2
BEIRUT,ACHRAFIEH,SASSINE,LA MAIZONNE,GROCERY,5,35.5193,33.8871,2
BEIRUT,SAIFI,TABARIS,HIBOU - TABARIS,GROCERY,5,35.5124,33.8913,2
MOUNT LEBANON,METN,BOURJ HAMMOUD,Robert Market,GROCERY,5,35.538,33.8936,2
MOUNT LEBANON,METN,BOURJ HAMMOUD,ELIE MARKET,GROCERY,6,35.5378,33.8905,2
NORTH,GREATER TRIPOLI,TRIPOLI CITY,Happy - Bohsas,Super Market,5,35.8326,34.4249,2
BEIRUT,MAZRAA,BOURJ ABOU HAYDAR,SM MATAHEN LEBNEN,GROCERY,4,35.4964,33.8823,2
NORTH,GREATER TRIPOLI,TRIPOLI CITY,Happy - Tripoli Square,Super Market,4,35.8286,34.4182,2
NORTH,BATROUN,BATROUN CITY,LE CHARCUTIER (Batroun),Super Market,4,35.6652,34.2448,2
BEIRUT,RAS BEIRUT,VERDUN,Happy - Verdun,Super Market,4,35.4872,33.8858,2
MOUNT LEBANON,METN,JAL EL DIB,YALA STOP (Jal El Deeb),Petrol Station,4,35.5833511,33.9103529,2
BEIRUT,MAZRAA,TARIQ EL JDIDE,MAHALLAT JAMIL NASSER,GROCERY,5,35.4986,33.8717,2
BEIRUT,MAZRAA,TARIQ EL JDIDE,FAKHANI,Super Market,4,35.4986,33.8719,2
BEIRUT,MAZRAA,TARIQ EL JDIDE,AKID MART,GROCERY,5,35.4999,33.8753,2
NORTH,AKAR,HALBA,Happy - Halba,Super Market,4,36.0761918,34.5422868,2
SOUTH,TYR,MAARAKE,AL TAWFEER( Maarakeh),Super Market,5,35.2952428,33.2719292,2
MOUNT LEBANON,METN,MTAILEB,Fahed Al Rabieh,Super Market,5,35.6111439,33.9238798,2
MOUNT LEBANON,METN,ZALKA,LA VALEUR (Zalka),Super Market,5,35.5781913,33.8978124,2
BEIRUT,RAS BEIRUT,HAMRA,FADI KIOSK,Newelneh,5,35.4847,33.8991,2
BEIRUT,SAIFI,TABARIS,BONJOUR Tabariz,Petrol Station,5,35.514326,33.8916029,2
BEIRUT,RAS BEIRUT,HAMRA,AL ZOUGHBI MARKET,GROCERY,5,35.4834,33.893,2
MOUNT LEBANON,METN,DBAYEH,SPINNEYS - 24/7,Super Market,5,35.5898613,33.9351579,2
BEIRUT,RAS BEIRUT,KRAITEM,UPPER GATE,GROCERY,4,35.4774,33.8936,2
MOUNT LEBANON,KESERWAN,FARAIYA,BONJOUR Faraya,Petrol Station,5,35.8366804,34.0003976,2
BEIRUT,RAS BEIRUT,VERDUN,AL RAYDAN MARKET,GROCERY,5,35.4827,33.8898,2
BEIRUT,RAS BEIRUT,VERDUN,BEN VERDUN,KIOSK,5,35.4832,33.8874,2
MOUNT LEBANON,KESERWAN,ZOUK MOSBEH,Happy - Zouk Mousbeh,GROCERY,5,35.6131313,33.9618269,2
MOUNT LEBANON,KESERWAN,HARET SAKHER,Happy - Haret Sakher,GROCERY,5,35.6427171,33.9858231,2
MOUNT LEBANON,KESERWAN,SAHEL ALMA,SPINNEYS - Sahel Aalma,GROCERY,5,35.6478226,34.000584,2
MOUNT LEBANON,KESERWAN,JAAITA,AL TAWFEER Jeita,GROCERY,5,35.6202618,33.9515513,2
SOUTH,SAIDA,GHAZIYE,Bekae Sm,GROCERY,5,35.363,33.5348,2
SOUTH,SAIDA,Qraieh,KRIE SM,GROCERY,5,35.4145,33.5405,2
MOUNT LEBANON,KESERWAN,SARBA,LE CHARCUTIER (Sarba),GROCERY,5,35.6214352,33.9734679,2
MOUNT LEBANON,KESERWAN,ADONIS,LE CHARCUTIER (Adonis),GROCERY,5,35.6130746,33.9617358,2
BEIRUT,MARFAA,BEIRUT PORT,AL RABIH MM,Newelneh,4,35.5122,33.8977,2
BEIRUT,RMEIL,MAR MICHAEL,Saliba Market,GROCERY,5,35.5246,33.8964,2
MOUNT LEBANON,KESERWAN,KASLIK,YALA STOP Kaslik,Petrol Station,5,35.6087075,33.9688181,2
MOUNT LEBANON,DAHYEH,Ozai,BONJOUR Golf,Petrol Station,5,35.49123,33.8559083,2
BEIRUT,MAZRAA,BOURJ ABOU HAYDAR,ZAATARE MM,GROCERY,5,35.5014,33.8852,2
MOUNT LEBANON,BAABDA,BIR HASSAN,Happy - Centro,Super Market,4,35.4898933,33.86058,2
MOUNT LEBANON,DAHYEH,AMERCAN,AL TAWFEER Old Saida Road,Super Market,4,35.5274383,33.8518416,2
BEIRUT,RAS BEIRUT,AIN MREISSEH,HARB SHOP,GROCERY,5,35.4893,33.9,2
MOUNT LEBANON,BAABDA,CHIYAH,RAMAL Beirut Mall,GROCERY,4,35.5163166,33.867385,2
MOUNT LEBANON,JBEIL,HALAT,GRAB N Go - Halat to Tripoli,GROCERY,5,35.6525569,34.0893381,2
BEIRUT,RAS BEIRUT,HAMRA,LATTE ART,Newelneh,4,35.4838,33.8992,2
NORTH,BATROUN,CHEKKA,GRAB N GO - Las Salinas 1,GROCERY,5,35.7364276,34.3642528,2
MOUNT LEBANON,KESERWAN,TABARJA,AL TAWFEER Tabrja,GROCERY,5,35.6319635,34.0233693,2
BEIRUT,RAS BEIRUT,HAMRA,LE SAM,GROCERY,4,35.4819,33.8993,2
NORTH,BATROUN,BATROUN CITY,YALA STOP Batroun,Petrol Station,5,35.6628222,34.2501191,2
BEIRUT,MOUSAITBEH,WATA EL MOUSAITBEH,RAMAL Jnah,Super Market,5,35.4890066,33.8737149,2
BEIRUT,RAS BEIRUT,BEIRUT,Saj Express,Newelneh,4,35.4734353,33.8945548,2
MOUNT LEBANON,ALEY,ALEY,Happy Araya,GROCERY,5,35.5903051,33.8252302,2
MOUNT LEBANON,BAABDA,HADATH,AL TAWFEER Hadath,GROCERY,4,35.5340516,33.8540005,2
MOUNT LEBANON,BAABDA,HADATH,Happy Hadath,GROCERY,5,35.5344594,33.8433464,2
MOUNT LEBANON,BAABDA,HADATH,Le Charcutier Hadath,GROCERY,5,35.534718,33.8473906,2
MOUNT LEBANON,SHOUF,SEMQANIYE,Le Charcutier Semkanieh,GROCERY,5,35.5860463,33.6874768,2
MOUNT LEBANON,ALEY,KHALDE,Rammal Khaldeh,GROCERY,5,35.47877,33.786317,2
MOUNT LEBANON,SHOUF,DAMOUR,BONJOUR Damour to Saida,Petrol Station,5,35.4518262,33.7199675,2
MOUNT LEBANON,METN,BOURJ HAMMOUD,Splash,GROCERY,5,35.5409,33.8931,2
MOUNT LEBANON,BAABDA,ADLIEH,HUSIAN FAKIH,GROCERY,5,35.5167,33.8752,2
SOUTH,SAIDA,GHAZIYE,TENAYEL MM,GROCERY,5,35.3578,33.5204,2
SOUTH,SAIDA,EAST BOULVARD,NASSAR MM,GROCERY,5,35.3789,33.5632,2
SOUTH,SAIDA,HILALIYEH,AADEL BARAKE,GROCERY,5,35.3929,33.5653,2
SOUTH,SAIDA,SAIDOUN DESCENT,RASHAD M.M.,GROCERY,6,35.3729,33.5587,2
SOUTH,SAIDA,SARAY,MHAMMAD ESMEEL MM,GROCERY,5,35.3782,33.5539,2
MOUNT LEBANON,BAABDA,HAZMIEH,GRAB N GO Hazmieh,GROCERY,5,35.5492854,33.8509091,2
SOUTH,SAIDA,KAYAA,MEDCO SAIDA,GROCERY,5,35.3867,33.5621,2
MOUNT LEBANON,BAABDA,HAZMIEH,Happy Hazmieh,GROCERY,5,35.5281027,33.8612838,2
MOUNT LEBANON,METN,DEKWANEH,Happy Dekweneh,GROCERY,5,35.542871,33.8795112,2
MOUNT LEBANON,METN,JDEIDEH/BOUCHRIEH,Happy Jdaideh,GROCERY,5,35.5579373,33.891576,2
NABATIEH,NABATIEH,Kaaka3iyit EL jisir,MM ALI HALAWE,GROCERY,4,35.4233,33.3252,2
SOUTH,TYR,ARZY,PRIMA MARKET,GROCERY,5,35.3019,33.3362,2
MOUNT LEBANON,METN,MANSOURIEH,AL TAWFEER Mansourieh,GROCERY,5,35.5829839,33.8559863,2
MOUNT LEBANON,BAABDA,AIN EL ROUMENEH,LE CHARCUTIER Ain Al Roumaneh,GROCERY,5,35.5184754,33.8627748,2
NORTH,ZGHARTA,MIRIATA,Happy Zougharta,Super Market,5,35.9128669,34.4128856,2
MOUNT LEBANON,METN,BOURJ HAMMOUD,KIVORK KAZANIJIAN,GROCERY,4,35.5424,33.8898,2
MOUNT LEBANON,METN,BOURJ HAMMOUD,Spidag MARKET,GROCERY,5,35.538,33.8927,2
MOUNT LEBANON,METN,BOURJ HAMMOUD,HAGOPIAN MARKET,GROCERY,5,35.5384,33.8904,2
BEIRUT,ACHRAFIEH,RMEIL,DAOU MINIMARKET,GROCERY,5,35.529,33.8921,2
MOUNT LEBANON,KESERWAN,KFAR DIBIANE,YALA STOP Kfar Zebiane,Petrol Station,5,35.8195917,33.9976832,2
BEIRUT,ACHRAFIEH,SODECO,ROGER ANTONIOS,GROCERY,5,35.5115,33.883,2
MOUNT LEBANON,JBEIL,BARBARA,GRAB N GO - Madfoun,GROCERY,5,35.6424196,34.2056389,2
BEIRUT,MOUSAITBEH,ZARIF,MINI by MAKHAZEN,Super Market,5,35.4923539,33.8895328,2
BEIRUT,RAS BEIRUT,Rawshe,AL TAWFEER Rawche,Super Market,5,35.4741665,33.893681,2
BEIRUT,ACHRAFIEH,SASSINE,MM SKAF,GROCERY,6,35.5203,33.8875,2
SOUTH,SAIDA,MIYEH W MIYEH,AL TAWFEER Ain Al Helwe,Super Market,5,35.3806283,33.5498827,2
BECAA,ZAHLE,Zahleh Rural,Pro Marche (Bekaa),Super Market,4,35.8277095,33.8135533,2
MOUNT LEBANON,KESERWAN,ZOUK MOSBEH,Spinney's kaslik,Super Market,5,35.6069171,33.9668392,2
BEIRUT,MOUSAITBEH,ZARIF,LABNE W JEBNE,GROCERY,5,35.497,33.8886,2
MOUNT LEBANON,METN,MTAILEB,Makahai,SPECIALIST,9,35.6192832,33.9240887,2
MOUNT LEBANON,DAHYEH,HARET HREIK,Al Aattar Hadi,SPECIALIST,5,35.5168433,33.8424716,2
MOUNT LEBANON,DAHYEH,HARET HREIK,Al Attar Rwais,SPECIALIST,5,35.5130983,33.8490933,2
BEIRUT,RAS BEIRUT,HAMRA,MUNCH BOX,GROCERY,4,35.4796,33.8972,2
BEIRUT,RAS BEIRUT,HAMRA,CMC MART,GROCERY,5,35.487,33.8952,2
BEIRUT,RAS BEIRUT,HAMRA,KHALIFE MARKET,GROCERY,6,35.4839,33.894,2
BEIRUT,RAS BEIRUT,HAMRA,HAMRA SNACK,Newelneh,5,35.4857,33.8949,2
BEIRUT,MOUSAITBEH,TALLET KHAYAT,ZAHI EXPRESS,Newelneh,5,35.4869,33.8873,2
NORTH,BATROUN,BATROUN CITY,Nader Market Douma,GROCERY,5,35.8421078,34.2040928,2
BEIRUT,RAS BEIRUT,VERDUN,EL HAITHAM VERDUN,GROCERY,4,35.4823,33.8868,2
MOUNT LEBANON,METN,SIN EL FIL,YALA STOP- Sin El Fil,Petrol Station,5,35.5335745,33.8797376,2
MOUNT LEBANON,METN,BEIT MERI,Le Charcutier,Super Market,5,35.6020295,33.8621645,2
MOUNT LEBANON,BAABDA,AIN EL ROUMENEH,Case Del Tebacco,SPECIALIST,3,35.522589,33.8654628,2
SOUTH,SAIDA,JBAA ROAD,Ghamloush Tobacco,SPECIALIST,5,35.4003945,33.5535611,2
BEIRUT,RAS BEIRUT,VERDUN,NOUR CAFE,Newelneh,5,35.4838,33.883,2
SOUTH,SAIDA,SARAFAND,EIN EL KANTARA,GROCERY,5,35.2984,33.4633,2
SOUTH,TYR,AIN BAAL,SM FARHAT,GROCERY,5,35.2639,33.2281,2
SOUTH,TYR,BAZOURIYE,Haidar MARKET,GROCERY,5,35.2692,33.2611,2
SOUTH,TYR,HANAWAY,SM JAWAD,GROCERY,5,35.2793,33.2223,2
SOUTH,TYR,QANA,MM EL JAWAD,GROCERY,5,35.3006411,33.2050669,2
SOUTH,TYR,CHABIYEH,AJBAN W ALBAN RKAIN ( ISAA ),GROCERY,5,35.3759,33.2398,2
BEIRUT,RAS BEIRUT,RAOUCHE,JAL SUR MER CAFE,Newelneh,5,35.4756,33.9016,2
BEIRUT,RAS BEIRUT,Rawshe,Sakhra Café,Newelneh,5,35.4706,33.8921,2
MOUNT LEBANON,BAABDA,ADLIEH,GARDENS BADARO,GROCERY,5,35.5168,33.8759,2
BEIRUT,MAZRAA,BADARO,CRAVINGS,GROCERY,6,35.5179,33.8735,2
SOUTH,SAIDA,BAYSARIEH,ALAMANI SM,GROCERY,5,35.3243,33.4463,2
SOUTH,SAIDA,AQBIYI,EZZEDDINE TRADING,GROCERY,6,35.3309,33.475,2
SOUTH,SAIDA,BABLIYE,DIANA SM,GROCERY,5,35.3411,33.4198,2
SOUTH,SAIDA,GHAZIYE,A Lmostafa Sm,GROCERY,5,35.3666,33.5187,2
SOUTH,SAIDA,GHAZIYE,Mansour Mm,GROCERY,5,35.3689,33.519,2
SOUTH,SAIDA,MIYEH W MIYEH,ALI MM,GROCERY,5,35.3845,33.5472,2
SOUTH,SAIDA,SHARHABIL,AFARA MARKET,GROCERY,5,35.3914,33.5787,2
SOUTH,SAIDA,GHAZIYE,Almahaba Mm,GROCERY,5,35.3612,33.5082,2
SOUTH,SAIDA,HARET SAIDA,ALI SALEH,GROCERY,5,35.3867,33.5587,2
MOUNT LEBANON,METN,BOURJ HAMMOUD,TOROSIAN MARKET,GROCERY,6,35.5378,33.8905,2
MOUNT LEBANON,METN,BOURJ HAMMOUD,MARIOS MARKET,GROCERY,6,35.5479,33.8921,2
BEIRUT,ACHRAFIEH,RMEIL,MAKHOUL ZOUIN,GROCERY,5,35.511127,33.8934337,2
BEIRUT,RMEIL,GEMMAYZE,Bilal Market,GROCERY,5,35.5198,33.8956,2
BEIRUT,ACHRAFIEH,RMEIL,BERNARD ANKA MARKET,GROCERY,6,35.512,33.8951,2
BEIRUT,MAZRAA,TARIQ EL JDIDE,KHAMES MARKET,GROCERY,4,35.5061,33.8761,2
BEIRUT,MAZRAA,BOURJ ABOU HAYDAR,B PLUS MM,GROCERY,4,35.4992,33.8838,2
BEIRUT,MAZRAA,BOURJ ABOU HAYDAR,GREEN MARKET,GROCERY,4,35.4989,33.8855,2
BEIRUT,MAZRAA,TARIQ EL JDIDE,TABBARA MM,GROCERY,5,35.5033,33.8719,2
BEIRUT,RAS BEIRUT,AIN MREISSEH,Ali Murad Market,GROCERY,4,35.4914,33.9004,2
BEIRUT,MARFAA,MAJIDIYEH,MARKAZAH SANCK,GROCERY,5,35.5053,33.894,2
BEIRUT,RAS BEIRUT,Manara,FAKHANI CARACAS,GROCERY,4,35.4739,33.897,2
BEIRUT,RAS BEIRUT,Rawshe,EXPRESSO CAFE,Newelneh,5,35.4706,33.8948,2
BEIRUT,ZOUKAK BLAT,PATRIARCAT,SARRAY CAFE,Newelneh,5,35.4988,33.894,2
BEIRUT,ACHRAFIEH,RMEIL,LE PISTACHIER,GROCERY,6,35.5274,33.8974,2
MOUNT LEBANON,METN,BOURJ HAMMOUD,NSEIR MARKET,GROCERY,5,35.5419,33.8916,2
SOUTH,SAIDA,EAST BOULVARD,BARAKE MM.,GROCERY,5,35.3801,33.5639,2
SOUTH,SAIDA,TAAMIR EL HARA,NADA SM,GROCERY,5,35.3976,33.5549,2
SOUTH,SAIDA,MIYEH W MIYEH,WAKEEM SM,GROCERY,5,35.4035,33.5364,2
SOUTH,SAIDA,BOUSTAN EL KBIR,AYHAM MARKET,GROCERY,5,35.3788,33.5695,2
SOUTH,SAIDA,RIAD EL SOLH STREET,FOUAD MM .,GROCERY,5,35.3780114,33.5704899,2
SOUTH,TYR,AL KHARAYEB,SALIH SM,GROCERY,5,35.29,33.3525,2
SOUTH,TYR,TYR,MM HAIDAR SABRAWI,GROCERY,5,35.2013,33.2681,2
NABATIEH,BENT JBEIL,TEBNINE,MM HAIDAR,GROCERY,5,35.4158,33.1935,2
SOUTH,TYR,TYR,MM HODA SABRAWI,GROCERY,5,35.2012,33.2676,2
BEIRUT,ACHRAFIEH,HOTEL DIEU,DAAET SARKIS,GROCERY,5,35.522,33.8854,2
BEIRUT,ACHRAFIEH,SIOUFI,MM GEORGES NAHED,GROCERY,5,35.5243,33.8864,2
MOUNT LEBANON,METN,BOURJ HAMMOUD,Sarafian,GROCERY,5,35.5395,33.8929,2
BEIRUT,RMEIL,MAR MICHAEL,Hasan Younis( Ramy )Market,Newelneh,5,35.5323,33.8964,2
BEIRUT,MAZRAA,RAS EL NABAA,AL JAMIL MARKET( foad),GROCERY,5,35.508,33.881,2
BEIRUT,MAZRAA,BARBOUR,HAMOUD MM,GROCERY,5,35.5007,33.8796,2
BEIRUT,MAZRAA,BOURJ ABOU HAYDAR,KHATAB MM,GROCERY,4,35.5008,33.8839,2
BEIRUT,MAZRAA,TARIQ EL JDIDE,EXPRESS ADNAN,Newelneh,5,35.4956,33.876,2
BEIRUT,MAZRAA,TARIQ EL JDIDE,FAKHRI MM,GROCERY,5,35.4978,33.8758,2
BEIRUT,MAZRAA,TARIQ EL JDIDE,ABO FADI MM,GROCERY,5,35.4977,33.8708,2
BEIRUT,MAZRAA,TARIQ EL JDIDE,ABOU NEEL MM,GROCERY,5,35.5046,33.8728,2
BEIRUT,MOUSAITBEH,TALLET KHAYAT,QUICK MARKET,GROCERY,4,35.4869,33.8873,2
BEIRUT,MOUSAITBEH,WATA EL MOUSAITBEH,FRAIJEH MM,GROCERY,5,35.4877,33.8802,2
BEIRUT,RAS BEIRUT,VERDUN,AL BAWAB MARKET,GROCERY,6,35.4858,33.8877,2
BEIRUT,RAS BEIRUT,Rawshe,Donald Duck,GROCERY,5,35.4719865,33.8927317,2
SOUTH,SAIDA,GHASSANIYE,SM FAWAZ,GROCERY,5,35.3565,33.4208,2
NABATIEH,NABATIEH,HABBOUCH,Alsafi MM,GROCERY,6,35.4764,33.4104,2
SOUTH,SAIDA,HILALIYEH,MOHAMMAD DARAZI,GROCERY,5,35.3901,33.563,2
SOUTH,SAIDA,MAJDLYOUN,BOTROS MERHE,GROCERY,5,35.4114,33.5596,2
SOUTH,TYR,ZRARIYI,ABOU KHALID SM,GROCERY,5,35.321,33.3421,2
SOUTH,TYR,JANATA,AL HANAN COOP,GROCERY,5,35.3214,33.2928,2
NABATIEH,NABATIEH,HOUMINE EL TAHTA,AL HABIB SM,GROCERY,5,35.4834,33.3749,2
NABATIEH,NABATIEH,QSAIBE,ESTEHLAJIET ABO SHAREEF,GROCERY,5,35.3945,33.3384,2
NABATIEH,NABATIEH,HOUMINE EL TAHTA,TIRANI SM,GROCERY,5,35.4973,33.3626,2
NABATIEH,NABATIEH,HOUMINE EL TAHTA,EL BITAR MM,GROCERY,5,35.4832,33.3817,2
SOUTH,TYR,AIN BAAL,MM ABO NADER,GROCERY,5,35.2298,33.2488,2
SOUTH,TYR,AITET,MM EL RIDA,GROCERY,5,35.3095,33.224,2
SOUTH,TYR,BAZOURIYE,MM EL NISER,GROCERY,5,35.2712,33.2605,2
SOUTH,TYR,BORJ EL SHMALI,EXPRESS KORANI,GROCERY,5,35.219,33.2693,2
SOUTH,TYR,JOUIAYA,MM IMAD KHALIL,GROCERY,5,35.3435,33.2297,2
SOUTH,TYR,MAARAKE,ESTHALKET EL GARB,GROCERY,5,35.3027,33.2746,2
SOUTH,TYR,QANA,MM HUSAIN MADI,GROCERY,5,35.2909,33.2144,2
SOUTH,TYR,KFAR DOUNINE,MM MAHMOUD NIZAM,GROCERY,5,35.3956,33.2328,2
NABATIEH,BENT JBEIL,TEBNINE,TAEAWUNIA WAZNI,GROCERY,5,35.417,33.2056,2
BEIRUT,ACHRAFIEH,RMEIL,SAMAHA STORES,GROCERY,5,35.5143,33.8934,2
MOUNT LEBANON,METN,BOURJ HAMMOUD,Mano Market,GROCERY,5,35.5415,33.8917,2
BEIRUT,ACHRAFIEH,FURN EL HAYEK,CHARBEL MARKET,GROCERY,6,35.5139,33.8893,2
BEIRUT,ACHRAFIEH,RMEIL,MARCEL MM,GROCERY,5,35.5246263,33.8937655,2
BEIRUT,ACHRAFIEH,RMEIL,YOUNES MM,GROCERY,6,35.5264,33.8906,2
BEIRUT,MAZRAA,RAS EL NABAA,CHAAR SM,GROCERY,5,35.5086,33.8825,2
BEIRUT,MOUSAITBEH,WATA EL MOUSAITBEH,RAFEH,GROCERY,5,35.4918,33.876,2
BEIRUT,MAZRAA,RAS EL NABAA,SARA,GROCERY,5,35.5105,33.882,2
BEIRUT,MAZRAA,TARIQ EL JDIDE,KHORFAN MM.,GROCERY,5,35.4988,33.8697,2
BEIRUT,ACHRAFIEH,SODECO,NINOS CAFE,Newelneh,5,35.5108,33.8828,2
BEIRUT,MOUSAITBEH,ZARIF,MOUSLEH MARKET,GROCERY,5,35.4947,33.889,2
BEIRUT,RAS BEIRUT,HAMRA,SOBHI HAMOUD MARKET,GROCERY,5,35.4798,33.8981,2
BEIRUT,RAS BEIRUT,Rawshe,Manara Market,GROCERY,6,35.4718,33.8962,2
BEIRUT,MOUSAITBEH,ZARIF,BOB MARKET,GROCERY,5,35.4924,33.8896,2
BEIRUT,RAS BEIRUT,HAMRA,DISTRICT CAFE,GROCERY,5,35.4891,33.8974,2
BEIRUT,MOUSAITBEH,MAR ELIAS,AL NAJAH,GROCERY,5,35.4951,33.8896,2
MOUNT LEBANON,METN,BOURJ HAMMOUD,MM ZAREH,KIOSK,5,35.5423,33.8894,2
MOUNT LEBANON,METN,DORA,DORA IN CAFE,Newelneh,5,35.551,33.8941,2
MOUNT LEBANON,METN,BOURJ HAMMOUD,ARAKELIAN MARKET,GROCERY,6,35.5462,33.8905,2
MOUNT LEBANON,METN,BOURJ HAMMOUD,Abdalian Market,GROCERY,6,35.5388,33.8919,2
BEIRUT,ACHRAFIEH,FURN EL HAYEK,EL PISTACHIO,GROCERY,6,35.5136,33.89,2
BEIRUT,ACHRAFIEH,RMEIL,Abdel MASEEH,GROCERY,6,35.5165,33.895,2
BEIRUT,ACHRAFIEH,HOTEL DIEU,EL DUKKAN,GROCERY,6,35.5165,33.8801,2
BEIRUT,ACHRAFIEH,RMEIL,ELISHA,GROCERY,6,35.5283,33.8885,2
BEIRUT,ACHRAFIEH,NASRA,ASSAF KHAMIS,GROCERY,6,35.5193,33.888,2
BEIRUT,RAS BEIRUT,HAMRA,ALI CAFE,Newelneh,5,35.4772,33.8945,2
BEIRUT,ZOUKAK BLAT,PATRIARCAT,EZZ CAFE,KIOSK,5,35.5025,33.895,2
SOUTH,SAIDA,BABLIYE,MM SHAHINE,GROCERY,5,35.3346,33.4205,2
SOUTH,SAIDA,EAST BOULVARD,ZEBAWY MM,GROCERY,5,35.3793,33.5557,2
SOUTH,SAIDA,TAAMIR EL HARA,ZHOUR MM.,GROCERY,5,35.4034,33.5527,2
SOUTH,SAIDA,HAY EL BARAD,BASELL MM,GROCERY,6,35.3797,33.5672,2
SOUTH,SAIDA,MAJDLYOUN,ZAIDANIE MM,GROCERY,5,35.4141,33.5611,2
SOUTH,SAIDA,MAJDLYOUN,ZHOUR MM,GROCERY,6,35.4064,33.561,2
SOUTH,SAIDA,SARAY,CAFE PARK,KIOSK,5,35.3786,33.5535,2
SOUTH,SAIDA,SARAY,ZHOUR MM.,GROCERY,5,35.3768,33.5551,2
SOUTH,JEZZINE,KFAR JARA,ALWADY. MM,GROCERY,5,35.4385,33.5466,2
NABATIEH,NABATIEH,ZAHRANI,Expo Cafe,GROCERY,5,35.3865362,33.5814494,2
NABATIEH,NABATIEH,AIN QANA,Super Market Jaber,GROCERY,5,35.5096,33.4722,2
SOUTH,SAIDA,AQBIYI,NADINE YOUNESS,GROCERY,6,35.3166,33.4671,2
SOUTH,SAIDA,KAAKAIYET EL SNOUBAR,SM JIHAD,GROCERY,5,35.352,33.4271,2
SOUTH,SAIDA,EL AMERICAN STREET,ABO SHANAB,GROCERY,5,35.3852,33.5437,2
SOUTH,SAIDA,RAHBAT,SOUS MM,GROCERY,5,35.3704,33.5555,2
NABATIEH,NABATIEH,NSAR,SM MAKKI,GROCERY,6,35.3372,33.3794,2
NABATIEH,NABATIEH,NSAR,FAMILY SM,GROCERY,5,35.3554,33.3786,2
SOUTH,TYR,BRAIKIA,MAZEN M.M,GROCERY,4,35.3863,33.3389,2
NABATIEH,NABATIEH,KFAR ROUMMANE,MM FADEL,GROCERY,6,35.5125,33.3926,2
NABATIEH,NABATIEH,NABATIEH EL TAHTA,AWADA MARKET,GROCERY,5,35.4834,33.3807,2
SOUTH,TYR,BORJ EL SHMALI,SM MANAA,GROCERY,5,35.239,33.2626,2
SOUTH,TYR,KAFRA,MM HUSAIN SALIH,GROCERY,6,35.3171,33.1709,2
SOUTH,TYR,TYR,MM ABO JAMRA,GROCERY,5,35.196,33.2731,2
SOUTH,TYR,TYR,MM ABO ALI KASSIM,GROCERY,5,35.2032,33.268,2
SOUTH,TYR,AITET,MM JBAAI (Saksouk),GROCERY,5,35.3053,33.2274,2
MOUNT LEBANON,METN,BOURJ HAMMOUD,Sandy Market,GROCERY,6,35.5417,33.8916,2
BEIRUT,ACHRAFIEH,RMEIL,Manoukian Market,GROCERY,6,35.5341,33.8948,2
MOUNT LEBANON,METN,BOURJ HAMMOUD,Jean Massih,GROCERY,6,35.5464,33.8893,2
BEIRUT,ACHRAFIEH,RMEIL,ALFRED MINIMARKET,GROCERY,6,35.529,33.8885,2
BEIRUT,MAZRAA,TARIQ EL JDIDE,SELEEN MM,GROCERY,4,35.5023,33.8726,2
BEIRUT,MAZRAA,BARBOUR,HMAYED MM,GROCERY,6,35.5,33.8804,2
BEIRUT,RAS BEIRUT,HAMRA,Mishref Market,Newelneh,5,35.4762,33.8939,2
BEIRUT,RAS BEIRUT,Rawshe,RHAYYEL CELL,GROCERY,5,35.4715,33.8925,2
BEIRUT,MOUSAITBEH,TALLET KHAYAT,AYYAS MARKET,GROCERY,6,35.4859,33.8893,2
BEIRUT,RAS BEIRUT,KRAITEM,GOLDEN MARKET,GROCERY,6,35.4785,33.889,2
SOUTH,SAIDA,MAGHDOUCHE,SM YOUNAN,GROCERY,6,35.3967,33.5137,2
SOUTH,SAIDA,SARAFAND,KHALIFA LIL TAMWEEM,GROCERY,5,35.2862,33.4557,2
NABATIEH,NABATIEH,KFAR ROUMMANE,ALMAALEM MM,GROCERY,5,35.4985,33.3879,2
MOUNT LEBANON,METN,BOURJ HAMMOUD,LTAIF AND CO.,GROCERY,5,35.5379,33.8951,2
MOUNT LEBANON,METN,BOURJ HAMMOUD,VARNA MARKET,GROCERY,6,35.5484,33.8923,2
BEIRUT,ACHRAFIEH,RMEIL,JOSEPH DAKKASH,GROCERY,5,35.5205,33.8955,2
BEIRUT,RMEIL,MAR MICHAEL,Saliba Minimarket,GROCERY,5,35.5318,33.8955,2
BEIRUT,MINA EL HOSN,KANTARI,AZIZ,GROCERY,4,35.4958,33.8964,2
BEIRUT,RAS BEIRUT,KRAITEM,ABOU YOUSEF CAFE,Newelneh,5,35.4826,33.8906,2
SOUTH,SAIDA,GHAZIYE,Hasan Farhat,GROCERY,5,35.3647,33.5034,2
NABATIEH,NABATIEH,HABBOUCH,Mini Market Daiaa 2,GROCERY,5,35.4851,33.4056,2
SOUTH,SAIDA,TAAMIR EL HARA,MOUALLEM MM,GROCERY,5,35.3899,33.5581,2
SOUTH,SAIDA,MARWANIYI,Mbayid Mm,GROCERY,5,35.401,33.4441,2
NABATIEH,NABATIEH,DWEIR,MM AL MAREJ,GROCERY,6,35.4328,33.388,2
NABATIEH,NABATIEH,NABATIYET EL FAOUQA,SM METRO MALL,GROCERY,5,35.4949,33.3753,2
NABATIEH,BENT JBEIL,TEBNINE,SM DAKROUB,GROCERY,5,35.4101,33.1957,2
BEIRUT,ACHRAFIEH,RMEIL,L EPICIERIE,GROCERY,6,35.5295,33.8869,2
BEIRUT,MAZRAA,BARBOUR,AL KAMAR MARKET,GROCERY,5,35.4978,33.8802,2
BEIRUT,MAZRAA,TARIQ EL JDIDE,CAFE AL HALABI,Newelneh,4,35.5042,33.8751,2
BEIRUT,MAZRAA,BOURJ ABOU HAYDAR,JANON MM,GROCERY,5,35.5014,33.8816,2
BEIRUT,MAZRAA,NWEIRI,MAKHAZENTAMWEEN ( FAKHRO ),GROCERY,5,35.5041,33.884,2
BEIRUT,MAZRAA,NWEIRI,GRAND MARCHE,GROCERY,5,35.5062,33.8851,2
BEIRUT,RAS BEIRUT,KRAITEM,ZEIN MARKET,GROCERY,5,35.4783,33.8918,2
BEIRUT,RAS BEIRUT,Rawshe,Aakari,GROCERY,5,35.4746,33.8881,2
BEIRUT,RAS BEIRUT,AIN MREISSEH,AL MOUKHTAR,Newelneh,4,35.4919,33.9014,2
NABATIEH,NABATIEH,ZEFTA,Susana MM,GROCERY,5,35.359,33.4787,2
SOUTH,TYR,ABASIYEH,MM ABO ABBAS,GROCERY,4,35.2717,33.298,2
SOUTH,TYR,ABASIYEH,MM JAWAD ZALZALI,GROCERY,4,35.2847,33.2994,2
NABATIEH,NABATIEH,HOUMINE EL TAHTA,DAWOOD MARKET,GROCERY,5,35.4812,33.3813,2
SOUTH,TYR,KFAR DOUNINE,MM ADIB BARKAT,GROCERY,5,35.3962,33.2321,2
SOUTH,TYR,BORJ EL SHMALI,MM LOLO,GROCERY,5,35.2308,33.2658,2
SOUTH,TYR,JOUIAYA,MM EL MOKTAR,GROCERY,5,35.342,33.2364,2
NABATIEH,BENT JBEIL,YATER,EXPRESS EL IMAD,GROCERY,5,35.3475,33.1658,2
SOUTH,TYR,AIN BAAL,MM AASKAR,GROCERY,5,35.2342,33.2458,2
SOUTH,TYR,HAWSH,SM KHEBEZ W MELEH,GROCERY,5,35.2312,33.2479,2
SOUTH,TYR,QANA,ESTHALKET QANA,GROCERY,5,35.3006,33.2068,2
NABATIEH,BENT JBEIL,TEBNINE,ALTTAMWIN ALEAYILI,GROCERY,5,35.4134,33.1945,2
BEIRUT,ACHRAFIEH,RMEIL,ABI KHALIL MARKET,GROCERY,6,35.5307,33.8932,2
BEIRUT,MAZRAA,NWEIRI,TAANEL MARKET,GROCERY,5,35.5058,33.8839,2
BEIRUT,MOUSAITBEH,MAR ELIAS,SARA MARKET,GROCERY,4,35.495,33.8828,2
BEIRUT,MAZRAA,NWEIRI,CORNICH CAFE,Newelneh,5,35.5006,33.8786,2
BEIRUT,MAZRAA,TARIQ EL JDIDE,YOYO SM,GROCERY,5,35.5049,33.8761,2
BEIRUT,MOUSAITBEH,WATA EL MOUSAITBEH,DOCTOR BEER,Newelneh,5,35.4939,33.8765,2
BEIRUT,MOUSAITBEH,WATA EL MOUSAITBEH,ROMARIO,Newelneh,4,35.4942,33.8764,2
BEIRUT,MOUSAITBEH,MAR ELIAS,FORN AL HATAB,GROCERY,5,35.494,33.8854,2
BEIRUT,MAZRAA,TARIQ EL JDIDE,AMER MM,GROCERY,4,35.5043,33.8746,2
BEIRUT,RAS BEIRUT,HAMRA,BUBBLES,GROCERY,6,35.4817,33.8994,2
BEIRUT,MINA EL HOSN,KANTARI,ABOU TALAL MM,GROCERY,5,35.4937,33.8963,2
BEIRUT,RAS BEIRUT,Rawshe,Zriek Market,GROCERY,5,35.4746,33.8879,2
BEIRUT,MAZRAA,BADARO,DICK NUTS,GROCERY,6,35.5172,33.8746,2
SOUTH,SAIDA,Loubieh,SM AL LOBYE,GROCERY,5,35.2844,33.4276,2
NABATIEH,NABATIEH,DWEIR,MM ALWARADAT,GROCERY,5,35.4098,33.3907,2
MOUNT LEBANON,METN,BOURJ HAMMOUD,Mini Market Kiddis,GROCERY,6,35.5468,33.8899,2
BEIRUT,MAZRAA,TARIQ EL JDIDE,ALBAN W AJBAN KAAKATI,GROCERY,5,35.5042,33.8747,2
BEIRUT,BASHOURA,BASHOURA,ZAHREDDIN MARKET,GROCERY,5,35.5033,33.8883,2
BEIRUT,MOUSAITBEH,TALLET KHAYAT,HMEDE MARKET,GROCERY,6,35.4903,33.8875,2
BEIRUT,BASHOURA,KHANDAK GHAMIK,DARWISH EST,GROCERY,5,35.5055,33.8883,2
BEIRUT,BASHOURA,KHANDAK GHAMIK,MM HADDAD,GROCERY,6,35.5049,33.8881,2
SOUTH,SAIDA,DALAA,ABO ALLOUL,GROCERY,5,35.3779,33.5566,2
SOUTH,SAIDA,EAST BOULVARD,PHENESIA STATION,GROCERY,6,35.3846,33.5743,2
SOUTH,SAIDA,NEJMEH,NARMEEN MM,GROCERY,6,35.3765,33.5652,2
NABATIEH,NABATIEH,KFAR ROUMMANE,MM FOWAZ,GROCERY,6,35.5031,33.3896,2
BEIRUT,MOUSAITBEH,MAR ELIAS,MM ABOU SHAARA,GROCERY,5,35.495,33.8807,2
SOUTH,TYR,DEIR QANOUN,MM EZZ ELDEEN,GROCERY,5,35.3182,33.2993,2
MOUNT LEBANON,METN,BOURJ HAMMOUD,ABO HAROUT,Newelneh,5,35.5467,33.8935,2
BEIRUT,ZOUKAK BLAT,PATRIARCAT,LAGUNA MARKET,GROCERY,5,35.5007,33.8911,2
BEIRUT,RAS BEIRUT,VERDUN,VERDUN MARKET,GROCERY,6,35.4849,33.885,2
BEIRUT,MOUSAITBEH,ZARIF,SALAM MARKET,GROCERY,5,35.4923,33.8902,2
NABATIEH,BENT JBEIL,YATER,SM EL REEM,GROCERY,5,35.3566,33.1687,2
SOUTH,TYR,EL MAJADEL,ESTHALKET EL MAJADEL,GROCERY,5,35.3592,33.2355,2
SOUTH,TYR,SIDIKIN,MM EL ZAHRAA,GROCERY,5,35.3059,33.1891,2
NABATIEH,NABATIEH,DEIR EZ ZAHRANI,Mahalet Yaacoub,GROCERY,5,35.4272,33.434,2
SOUTH,SAIDA,HILALIYEH,HAFOUDA MM,GROCERY,5,35.388,33.564,2
NABATIEH,NABATIEH,ZAHRANI,Medco Cafe,Petrol Station,6,35.3604,33.4777,2
NABATIEH,NABATIEH,DWEIR,HANI ABOU AYMAN,GROCERY,6,35.4183,33.3935,2
NABATIEH,NABATIEH,KFARROMAN,MM KANSO,GROCERY,5,35.4937,33.3876,2
SOUTH,TYR,BORJ RAHAL,MM EYD,GROCERY,5,35.2752,33.3082,2
NABATIEH,NABATIEH,HOUMINE EL TAHTA,EL HAYAT SM,GROCERY,5,35.4848,33.3822,2
NABATIEH,NABATIEH,Nabatieh,AL JOUD,GROCERY,5,35.4964,33.3649,2
SOUTH,TYR,MAARAKE,ESTHALKET EL OMARA,GROCERY,6,35.2893,33.275,2
SOUTH,TYR,SIDIKIN,MM MAHMOUD BALHAS,GROCERY,5,35.3059,33.1872,2
SOUTH,TYR,SIDIKIN,MM AHMAD BALHAS,GROCERY,5,35.3058,33.1882,2
SOUTH,TYR,TYR,KAMIL YOUSSEF,GROCERY,5,35.1959,33.2734,2
SOUTH,TYR,TYR,CAFE IBN EL BALAD,GROCERY,4,35.1998,33.2697,2
MOUNT LEBANON,METN,BOURJ HAMMOUD,KASBARIAN MARKET,GROCERY,6,35.5425,33.8905,2
BEIRUT,ACHRAFIEH,RMEIL,Bob station tarabay,Newelneh,5,35.5122,33.895,2
BEIRUT,ACHRAFIEH,HOTEL DIEU,SAWMI MARKET,GROCERY,6,35.5166,33.882,2
BEIRUT,ACHRAFIEH,RMEIL,MINIMARKET HADDAD,GROCERY,6,35.5266,33.8873,2
BEIRUT,RMEIL,MAR MICHAEL,Teckian Market,GROCERY,6,35.524,33.8961,2
BEIRUT,SAIFI,TABARIS,DANIS SHOP,GROCERY,5,35.5074,33.8918,2
BEIRUT,MAZRAA,TARIQ EL JDIDE,PRINCE MM,GROCERY,5,35.498,33.8763,2
BEIRUT,MAZRAA,BADARO,MICHEAL MM,GROCERY,5,35.5166,33.8746,2
SOUTH,SAIDA,HARET SAIDA,NEAMEH,GROCERY,6,35.3918,33.559,2
NABATIEH,NABATIEH,KFAR ROUMMANE,SALEH DRINK2,GROCERY,5,35.511,33.3929,2
NABATIEH,BENT JBEIL,KALAWAY,MM AL RIDA ATWI,GROCERY,6,35.4203,33.2465,2
NABATIEH,NABATIEH,Kaaka3iyit EL jisir,MM NASSER,GROCERY,5,35.4255,33.3317,2
SOUTH,TYR,AIN BAAL,MM ISSA,GROCERY,5,35.2398,33.2422,2
SOUTH,TYR,SIDIKIN,GALAXY MM,GROCERY,5,35.3082,33.1776,2
NABATIEH,BENT JBEIL,YATER,MM EL MAHMOHA,GROCERY,5,35.341,33.1681,2
BEIRUT,MAZRAA,TARIQ EL JDIDE,HAISO MM,GROCERY,5,35.4961,33.8752,2
BEIRUT,MAZRAA,TARIQ EL JDIDE,HALABI MM,GROCERY,6,35.4999,33.8758,2
BEIRUT,MAZRAA,BOURJ ABOU HAYDAR,MAKKI EKHWAN MM,GROCERY,5,35.5012,33.8847,2
BEIRUT,MAZRAA,BOURJ ABOU HAYDAR,ALBAN W AJBAN AL ANWAR,GROCERY,5,35.4985,33.8813,2
BEIRUT,MOUSAITBEH,MAR ELIAS,MM AL AGHAR,GROCERY,5,35.4932,33.8815,2
BEIRUT,MARFAA,BEIRUT PORT,ABU ISSA MM,Newelneh,5,35.5112,33.8982,2
NABATIEH,NABATIEH,DWEIR,MM HADID,GROCERY,6,35.4221,33.3922,2
SOUTH,TYR,AIN BAAL,MM BASMA,GROCERY,5,35.2418,33.2405,2
SOUTH,TYR,SULTANIYEH,EXPRESS ALSAKKA,GROCERY,6,35.4064,33.2074,2
BEIRUT,ACHRAFIEH,RMEIL,MAHFOZ M.M,GROCERY,5,35.5283,33.8939,2
BEIRUT,MOUSAITBEH,MAR ELIAS,SAADO TRADING SHOP,GROCERY,5,35.4938,33.8843,2
BEIRUT,MAZRAA,BADARO,WADIH NOHRA MM,GROCERY,5,35.5149,33.874,2
MOUNT LEBANON,SHOUF,DMIT,AL BAIDAR,GROCERY,4,35.5152,33.6894,2
MOUNT LEBANON,BAABDA,HAZMIEH,Carrefour (Hazmieh),Super Market,4,35.5292,33.8622,2
MOUNT LEBANON,METN,NABAA,NICOLAS HADDAD,GROCERY,4,35.5354,33.8883,2
MOUNT LEBANON,BAABDA,FURN EL CHEBBAK,FAHED Furn Al Chebbak,Super Market,5,35.525,33.87,2
MOUNT LEBANON,METN,SIN EL FIL,RasGaz _ Sin El Fil,Petrol Station,4,35.5362,33.8703,2
MOUNT LEBANON,ALEY,SHAROUN,BASSAM MARKET,GROCERY,4,35.6937,33.7816,2
MOUNT LEBANON,BAABDA,HAZMIEH,Le Caddie,Super Market,4,35.5403,33.8581,2
MOUNT LEBANON,METN,MANSOURIEH,MKALLES MM,Newelneh,5,35.5553,33.86,2
MOUNT LEBANON,BAABDA,HADATH,NA & JOE,GROCERY,4,35.5272,33.8315,2
MOUNT LEBANON,METN,JDEIDEH/BOUCHRIEH,EL KHAWLI SM,Super Market,5,35.5601,33.8877,2
MOUNT LEBANON,METN,SABTIEH,EL KHAWLI SM,Super Market,5,35.5598,33.8797,2
MOUNT LEBANON,SHOUF,NEAHME,SUPERMARKET MIZHER,GROCERY,4,35.4549,33.7404,2
MOUNT LEBANON,SHOUF,BAAQLINE,EL BOUSTAN,GROCERY,4,35.5666,33.6779,2
SOUTH,SAIDA,ABRA,BSAT SM,GROCERY,4,35.3976,33.5644,2
MOUNT LEBANON,SHOUF,SEMQANIYE,SAMIR MARKET,GROCERY,2,35.593,33.6736,2
MOUNT LEBANON,DAHYEH,BOURJ EL BARAJNEH,CHBIB ALBAN AJBAN,GROCERY,5,35.5165,33.842,2
MOUNT LEBANON,DAHYEH,BOURJ EL BARAJNEH,MAAMORA COOP,GROCERY,5,35.5129,33.8381,2
MOUNT LEBANON,DAHYEH,BOURJ EL BARAJNEH,ZAYOUN MARKET,GROCERY,5,35.5129,33.8488,2
MOUNT LEBANON,DAHYEH,HARET HREIK,KHREIZAT MARKET,GROCERY,5,35.5066,33.8552,2
SOUTH,SAIDA,SHARHABIL,SHARHABEEL MARKET,GROCERY,5,35.3928,33.5801,2
MOUNT LEBANON,DAHYEH,SFEIR,HAI MADI COOP,GROCERY,5,35.5181,33.8542,2
MOUNT LEBANON,DAHYEH,HARET HREIK,ZREIK MARKET,GROCERY,5,35.5064,33.8568,2
MOUNT LEBANON,DAHYEH,HAY AL SOLOUM,NASSER AL DEEN SM,GROCERY,4,35.5135,33.8269,2
MOUNT LEBANON,DAHYEH,AMERCAN,KIOSK SFEIR,KIOSK,4,35.5219,33.8539,2
MOUNT LEBANON,METN,DEKWANEH,KARAM MM,GROCERY,5,35.5453,33.8773,2
MOUNT LEBANON,BAABDA,FURN EL CHEBBAK,MATAR SM - MEDCO ABRAJ,Petrol Station,6,35.5269,33.8677,2
MOUNT LEBANON,METN,SIN EL FIL,CALIBER,Petrol Station,5,35.5365,33.8783,2
MOUNT LEBANON,METN,SIN EL FIL,PRIX MARKET,GROCERY,5,35.5355,33.8829,2
MOUNT LEBANON,SHOUF,SEMQANIYE,SMOKER CENTER,GROCERY,4,35.6004,33.669,2
MOUNT LEBANON,BAABDA,AIN EL ROUMENEH,KARAM MM,GROCERY,5,35.5229,33.8657,2
BECAA,ZAHLE,Zahleh Rural,HASHEM BROS,GROCERY,4,35.9306,33.8508,2
MOUNT LEBANON,ALEY,ALEY,ABO FARRAJ M.M,GROCERY,4,35.6422,33.8136,2
MOUNT LEBANON,DAHYEH,AL AJNIHA,AL MOSTAKBAL MKT,GROCERY,5,35.5128,33.8154,2
MOUNT LEBANON,ALEY,CHOUEIFAT,CAFE 24 (1),Newelneh,4,35.4998,33.8055,2
MOUNT LEBANON,DAHYEH,HAY AL SOLOUM,OLEIK MKT,SPECIALIST,2,35.5141,33.8255,2
MOUNT LEBANON,DAHYEH,LAYLAKI,AL RIMAL MARKET,GROCERY,4,35.5167,33.8301,2
MOUNT LEBANON,METN,MANSOURIEH,ABOU KHALIL MARKET,GROCERY,5,35.5748,33.8573,2
MOUNT LEBANON,ALEY,BHAMDOUN,STORES KHALED ABO FARRAJ,GROCERY,4,35.6619,33.8068,2
MOUNT LEBANON,SHOUF,DAMOUR,ABOU RAFEAA DAMOUR,GROCERY,5,35.4548,33.7342,2
MOUNT LEBANON,METN,DEKWANEH,HAMOUDI TRADING,GROCERY,5,35.5491,33.875,2
MOUNT LEBANON,DAHYEH,HARET HREIK,SM AL HAJ..HAMDAN,GROCERY,5,35.5035,33.8556,2
MOUNT LEBANON,ALEY,BCHEMOUN,SM SAAB,GROCERY,4,35.4947,33.7922,2
MOUNT LEBANON,DAHYEH,HARET HREIK,AL ISRAA MARKET,GROCERY,5,35.51,33.8554,2
BECAA,ZAHLE,Zahleh Rural,CHTOURA RAMA,GROCERY,3,35.8338,33.8144,2
MOUNT LEBANON,ALEY,BHAMDOUN,AMIN ABO KHALED,GROCERY,4,35.6501,33.7953,2
MOUNT LEBANON,BAABDA,KFARCHIMA,merkato supermarket,GROCERY,5,35.5313,33.8181,2
MOUNT LEBANON,ALEY,KHALDE,ABO RAFEAA mm,GROCERY,4,35.469,33.7721,2
MOUNT LEBANON,ALEY,QMATIEH,Zarwi Sm,GROCERY,4,35.5841,33.8014,2
MOUNT LEBANON,ALEY,AARAMOUN,DANDAN,GROCERY,4,35.4897,33.7879,2
MOUNT LEBANON,ALEY,BCHEMOUN,TOTAL BCHAMOUN,Petrol Station,5,35.4977,33.7902,2
MOUNT LEBANON,ALEY,BCHEMOUN,MDAKA,GROCERY,5,35.4983,33.7903,2
MOUNT LEBANON,DAHYEH,HARET HREIK,MOKDAD MARKET,GROCERY,5,35.5157,33.8448,2
MOUNT LEBANON,DAHYEH,BOURJ EL BARAJNEH,HARAKI MARKET,GROCERY,4,35.5084,33.8428,2
MOUNT LEBANON,DAHYEH,BOURJ EL BARAJNEH,RISLAN MKT,GROCERY,5,35.5003,33.8429,2
MOUNT LEBANON,DAHYEH,HARET HREIK,SM BAYDOUN,GROCERY,5,35.5079,33.8546,2
MOUNT LEBANON,DAHYEH,BOURJ EL BARAJNEH,BERRO MKT,GROCERY,5,35.5117,33.8397,2
MOUNT LEBANON,BAABDA,BAABDA CITY,JAMIL KHOURY,GROCERY,4,35.5425,33.8308,2
MOUNT LEBANON,BAABDA,HADATH,TRIPINA MARKET,GROCERY,4,35.5273,33.8299,2
MOUNT LEBANON,BAABDA,HAZMIEH,Le Regal,GROCERY,5,35.5465,33.8521,2
MOUNT LEBANON,DAHYEH,Ozai,BERRO MKT,GROCERY,5,35.4849,33.8452,2
MOUNT LEBANON,DAHYEH,Ozai,SHREIF MKT,GROCERY,6,35.4863,33.8457,2
MOUNT LEBANON,DAHYEH,Ozai,SHRARA MKT,GROCERY,4,35.4849,33.8439,2
BECAA,ZAHLE,Zahle City,ECO MARKET,GROCERY,5,35.8959,33.8421,2
MOUNT LEBANON,ALEY,SHAROUN,SAMIR AHMADEYEH,GROCERY,4,35.6933,33.7923,2
MOUNT LEBANON,ALEY,BCHEMOUN,ADIBE NAJM,GROCERY,5,35.5301,33.7829,2
MOUNT LEBANON,DAHYEH,BOURJ EL BARAJNEH,SAADE MARKET,GROCERY,6,35.5059,33.8412,2
MOUNT LEBANON,DAHYEH,BOURJ EL BARAJNEH,SM MALAK,GROCERY,5,35.511,33.8463,2
MOUNT LEBANON,ALEY,CHOUEIFAT,CHEHADEH SM,GROCERY,5,35.5269,33.8214,2
MOUNT LEBANON,ALEY,KHALDE,JIHAD M.M,GROCERY,5,35.4782,33.7881,2
MOUNT LEBANON,ALEY,AIN ONOUB,LODGE MARKET,GROCERY,4,35.5429,33.7848,2
MOUNT LEBANON,DAHYEH,HARET HREIK,SM MALAK,GROCERY,5,35.5109,33.8561,2
MOUNT LEBANON,BAABDA,HAZMIEH,Tannoury Market,GROCERY,5,35.5375,33.8596,2
MOUNT LEBANON,DAHYEH,HARET HREIK,FOUAD M,GROCERY,5,35.5147,33.8578,2
MOUNT LEBANON,METN,NABAA,Bassim Market,GROCERY,5,35.5372,33.8851,2
MOUNT LEBANON,SHOUF,KETERMEYA,MALAK SM,GROCERY,5,35.4515,33.6155,2
MOUNT LEBANON,SHOUF,JIYEH,Abo Rafeaa,GROCERY,4,35.423,33.6754,2
BECAA,ZAHLE,Zahleh Rural,SM MOUSSAED,GROCERY,4,35.951,33.8621,2
BECAA,ZAHLE,Zahleh Rural,ABOU FARAH,GROCERY,5,35.8269,33.7999,2
BECAA,ZAHLE,Zahleh Rural,BEKAA SHOPPING CENTER,GROCERY,5,35.8238,33.7962,2
MOUNT LEBANON,ALEY,AARAMOUN,AARAMOUN CENTER,GROCERY,4,35.5114,33.7634,2
MOUNT LEBANON,ALEY,ALEY,ABO TAREK,GROCERY,4,35.6006,33.8028,2
MOUNT LEBANON,SHOUF,DAMOUR,M.M HATEM,GROCERY,5,35.4498,33.7069,2
MOUNT LEBANON,ALEY,KABER SHMOUN,Wehbe Sm,GROCERY,4,35.5409,33.7531,2
MOUNT LEBANON,ALEY,KHALDE,EXPRESSE AL JEMAA,Newelneh,5,35.475,33.7827,2
MOUNT LEBANON,ALEY,KHALDE,ABO TAREK,GROCERY,6,35.4734,33.7757,2
MOUNT LEBANON,ALEY,KHALDE,ABO RAFEAA JIHAD,Newelneh,5,35.4675,33.7697,2
MOUNT LEBANON,DAHYEH,BOURJ EL BARAJNEH,KHREIS MKT,GROCERY,5,35.5137,33.8394,2
MOUNT LEBANON,ALEY,CHOUEIFAT,SHOP SMART,Super Market,5,35.506,33.8041,2
MOUNT LEBANON,ALEY,CHOUEIFAT,SM FTOUNI,GROCERY,6,35.5273,33.8219,2
MOUNT LEBANON,DAHYEH,HARET HREIK,AL DOHA MARKET,GROCERY,5,35.5113,33.8548,2
MOUNT LEBANON,DAHYEH,LAYLAKI,AL MADINA SM,GROCERY,4,35.517,33.8313,2
MOUNT LEBANON,DAHYEH,SFEIR,SAAD MARKET,GROCERY,6,35.5186,33.8525,2
MOUNT LEBANON,DAHYEH,SFEIR,AL ABASS,GROCERY,5,35.5179,33.851,2
MOUNT LEBANON,DAHYEH,TAHWITA AL GHADEER,JABER MKT,GROCERY,5,35.5094,33.831,2
MOUNT LEBANON,DAHYEH,BARAKAT,SAAD MARKET,GROCERY,5,35.5054,33.8236,2
MOUNT LEBANON,DAHYEH,LAYLAKI,FAMILY MARKET,GROCERY,5,35.5172,33.8342,2
MOUNT LEBANON,METN,DEKWANEH,NEW SLAF MARKET,GROCERY,5,35.5448,33.8778,2
MOUNT LEBANON,METN,DEKWANEH,MAROUN MARKET,GROCERY,5,35.5454,33.8723,2
MOUNT LEBANON,METN,DEKWANEH,CORNER MARKET,GROCERY,5,35.551,33.8756,2
MOUNT LEBANON,METN,DEKWANEH,ALL IN MARKET,GROCERY,6,35.5629,33.8695,2
MOUNT LEBANON,BAABDA,HAZMIEH,Piga Mm,GROCERY,5,35.5356,33.8568,2
MOUNT LEBANON,BAABDA,HAZMIEH,Roger Market,GROCERY,5,35.536,33.8592,2
MOUNT LEBANON,BAABDA,HAZMIEH,BONJOUR - Gardenia (Hazmieh),Petrol Station,4,35.5402,33.8541,2
MOUNT LEBANON,METN,MANSOURIEH,STOP SHOP,Petrol Station,6,35.5617,33.8606,2
MOUNT LEBANON,METN,SIN EL FIL,YAGHI MARKET,GROCERY,5,35.5387,33.8679,2
MOUNT LEBANON,BAABDA,AIN EL ROUMENEH,MINI COOPER STE THERESE,GROCERY,5,35.5202,33.8707,2
MOUNT LEBANON,DAHYEH,HARET HREIK,DANDASHI,GROCERY,5,35.5132,33.8579,2
MOUNT LEBANON,DAHYEH,BOURJ EL BARAJNEH,AL HADI OSMAN,GROCERY,6,35.5096,33.8428,2
MOUNT LEBANON,METN,NABAA,DIA MARKET,GROCERY,5,35.535,33.8881,2
SOUTH,JEZZINE,JEZZINE ROAD,ASMAR MM,GROCERY,5,35.5851,33.5403,2
SOUTH,SAIDA,JBAA ROAD,Hershe Sm,GROCERY,5,35.5186,33.4856,2
MOUNT LEBANON,ALEY,ALEY,M.M KHOURY,GROCERY,4,35.5945,33.8056,2
MOUNT LEBANON,ALEY,ALEY,FAMILY M.M,GROCERY,4,35.607,33.8033,2
MOUNT LEBANON,ALEY,AARAMOUN,Al Ataa,GROCERY,5,35.4908,33.7837,2
MOUNT LEBANON,ALEY,BCHEMOUN,TIMO MARKET,GROCERY,4,35.5392,33.7836,2
MOUNT LEBANON,SHOUF,DAMOUR,TOTAL JISER EL DAMOUR,Petrol Station,6,35.4409,33.7018,2
MOUNT LEBANON,BAABDA,FURN EL CHEBBAK,ELIE JABBOUR ESPESSO,Newelneh,5,35.5294,33.866,2
MOUNT LEBANON,SHOUF,BAAQLINE,MEZA,GROCERY,5,35.5737,33.6792,2
MOUNT LEBANON,SHOUF,DIBBIYE,BOSTANY MM,GROCERY,4,35.4805,33.6761,2
MOUNT LEBANON,SHOUF,WADI EL ZAYNEH,SHAHBARY SM,GROCERY,4,35.4084,33.6212,2
MOUNT LEBANON,SHOUF,JIYEH,Abo Shawke Market,GROCERY,4,35.4238,33.6724,2
MOUNT LEBANON,BAABDA,BIR HASSAN,SAINT MICHEAL,GROCERY,4,35.4895,33.8592,2
MOUNT LEBANON,BAABDA,BIR HASSAN,BAYT EL BALAD,GROCERY,4,35.4892,33.865,2
BECAA,ZAHLE,Zahleh Rural,GHAZALEH SUPER STORE,Super Market,2,35.8444,33.818,2
MOUNT LEBANON,ALEY,ALEY,REDWAN M.M,GROCERY,5,35.598,33.8083,2
MOUNT LEBANON,DAHYEH,BARAKAT,MAKKI MKT,GROCERY,5,35.5057,33.8259,2
MOUNT LEBANON,ALEY,CHOUEIFAT,ABO HASAN EXPRESS,Newelneh,4,35.5103,33.8058,2
MOUNT LEBANON,ALEY,CHOUEIFAT,FIVE STARS (GREAT CAFFEE),Newelneh,4,35.4957,33.8047,2
MOUNT LEBANON,BAABDA,FURN EL CHEBBAK,ALASKA,Newelneh,5,35.5273,33.8657,2
MOUNT LEBANON,METN,MANSOURIEH,HALAL MARKET,GROCERY,5,35.5691,33.8573,2
MOUNT LEBANON,METN,SIN EL FIL,EASY SHOPPING,GROCERY,6,35.5398,33.8752,2
MOUNT LEBANON,DAHYEH,ST. THARESE,RAMA MARKET,GROCERY,5,35.5242,33.8453,2
MOUNT LEBANON,BAABDA,AIN EL ROUMENEH,BERRY STATION_B-MART,Petrol Station,5,35.5204,33.8695,2
MOUNT LEBANON,METN,SIN EL FIL,ABI NADER MM,GROCERY,6,35.5406,33.8641,2
MOUNT LEBANON,METN,SIN EL FIL,AOUAD MARKET,GROCERY,6,35.5352,33.8835,2
BECAA,ZAHLE,Zahle City,SM AMINE NAJJAR,GROCERY,4,35.9081,33.8348,2
BECAA,WEST BECAA,KAMED EL LAOUZ,RAFIK AL MALT,GROCERY,4,35.8202,33.6214,2
MOUNT LEBANON,SHOUF,DMIT,S.M ABO DARGHAM,GROCERY,4,35.5147,33.6893,2
MOUNT LEBANON,ALEY,KHALDE,COFFE 24,Newelneh,4,35.4677,33.7702,2
MOUNT LEBANON,BAABDA,WADI CHAHROUR,ALWADI MARKET,GROCERY,5,35.5526,33.817,2
MOUNT LEBANON,SHOUF,DAMOUR,COFFE 24,Newelneh,4,35.454,33.7338,2
MOUNT LEBANON,ALEY,KABER SHMOUN,Est Wedyan,GROCERY,5,35.5469,33.7475,2
MOUNT LEBANON,BAABDA,KFARCHIMA,ASSAAD EL SAYAH,GROCERY,4,35.5305,33.819,2
MOUNT LEBANON,SHOUF,NEAHME,SM EL SAWTARY,GROCERY,4,35.4555,33.7426,2
MOUNT LEBANON,ALEY,SHAROUN,EL RAED SM,GROCERY,5,35.694,33.7817,2
MOUNT LEBANON,BAABDA,FURN EL CHEBBAK,QUICK PICK,Newelneh,5,35.5274,33.8653,2
MOUNT LEBANON,BAABDA,HAZMIEH,Le Grand,GROCERY,6,35.5466,33.8538,2
BECAA,BAALBACK,BAALBACK,ABOU ANWAR SM,GROCERY,4,36.1132,33.9514,2
MOUNT LEBANON,BAABDA,AIN EL ROUMENEH,FARAH MARKET,GROCERY,6,35.5205,33.8653,2
MOUNT LEBANON,SHOUF,DEIR EL QAMAR,KHATTAR,GROCERY,4,35.5587,33.6967,2
MOUNT LEBANON,DAHYEH,BOURJ EL BARAJNEH,AOUN MKT,GROCERY,5,35.5034,33.8423,2
MOUNT LEBANON,ALEY,CHOUEIFAT,EXPRESSO,Newelneh,4,35.499,33.8053,2
MOUNT LEBANON,ALEY,CHOUEIFAT,BE IT LMOUNI,GROCERY,5,35.5168,33.8092,2
MOUNT LEBANON,BAABDA,AIN EL ROUMENEH,SAWAYA SUPERMARKET,GROCERY,5,35.524,33.8677,2
BECAA,BAALBACK,TARAYA,HANNA IBRAHIM EL KHOURY,GROCERY,5,36.1289,34.125,2
MOUNT LEBANON,DAHYEH,Ozai,SHAMAS MKT,GROCERY,5,35.4849,33.846,2
BECAA,ZAHLE,Zahleh Rural,SM BOU ZAIDAN,GROCERY,5,35.9639,33.8712,2
MOUNT LEBANON,DAHYEH,AL AJNIHA,ZAIN AJNIHA,GROCERY,5,35.5114,33.8169,2
MOUNT LEBANON,DAHYEH,BOURJ EL BARAJNEH,AL BATOUL MKT,GROCERY,6,35.5003,33.8429,2
MOUNT LEBANON,SHOUF,AANOUT,ZAYDAN S.M,GROCERY,4,35.5168,33.6277,2
MOUNT LEBANON,SHOUF,SIBLINE,MALAK MALL,GROCERY,5,35.439,33.6192,2
MOUNT LEBANON,SHOUF,AANOUT,KANAA MM,GROCERY,5,35.5071,33.632,2
MOUNT LEBANON,DAHYEH,CHIYAH,HENAWE MM,GROCERY,3,35.5131,33.862,2
BECAA,ZAHLE,Zahle City,SM TONY JARROUJ,GROCERY,5,35.9019,33.8465,2
BECAA,ZAHLE,Zahle City,ANTHONY MARKET,GROCERY,4,35.895,33.8545,2
MOUNT LEBANON,ALEY,ALEY,TRIPELE 8,GROCERY,4,35.5996,33.8041,2
MOUNT LEBANON,ALEY,ALEY,CHEERS AALEY,GROCERY,4,35.6041,33.8062,2
MOUNT LEBANON,SHOUF,DAMOUR,SM ABO RAFEAA DAMOUR,GROCERY,4,35.4517,33.7176,2
MOUNT LEBANON,ALEY,KAHHALEH,ABDO BEJJANI MARKET,GROCERY,4,35.5871,33.8287,2
MOUNT LEBANON,BAABDA,KFARCHIMA,FARES EL SAYAH MARKET,GROCERY,5,35.5323,33.8166,2
MOUNT LEBANON,ALEY,SHAROUN,JANA MARKET,GROCERY,5,35.6933,33.7764,2
MOUNT LEBANON,DAHYEH,BOURJ EL BARAJNEH,NASSER HARIRI,GROCERY,6,35.4974,33.8378,2
MOUNT LEBANON,DAHYEH,HARET HREIK,MM WEHBI,GROCERY,5,35.5057,33.8571,2
MOUNT LEBANON,DAHYEH,TIRO,ABO SHAWKI,GROCERY,5,35.5056,33.8077,2
MOUNT LEBANON,METN,DEKWANEH,MAR ROUKOZ MARKET,GROCERY,5,35.5625,33.8691,2
MOUNT LEBANON,BAABDA,HADATH,DINA MARKET,Newelneh,5,35.5347,33.8487,2
MOUNT LEBANON,BAABDA,HADATH,DRINKS CORNER,GROCERY,4,35.5345,33.8468,2
MOUNT LEBANON,DAHYEH,KAFAT,KAFAAT MM,GROCERY,5,35.5202,33.8409,2
MOUNT LEBANON,METN,SIN EL FIL,AL KOROUM MARKET,Newelneh,5,35.5321,33.8803,2
BECAA,BAALBACK,HALANIYE,S.M AL NOOR,GROCERY,5,36.1875,33.9984,2
MOUNT LEBANON,BAABDA,AIN EL ROUMENEH,QUICK STOP,GROCERY,6,35.5215,33.8666,2
MOUNT LEBANON,BAABDA,AIN EL ROUMENEH,JANA MARKET,GROCERY,6,35.5202,33.8606,2
MOUNT LEBANON,BAABDA,FURN EL CHEBBAK,COIN BLANC,GROCERY,5,35.5204,33.8739,2
BECAA,ZAHLE,Zahleh Rural,ANTAR,GROCERY,4,35.4908009,33.8182562,2
MOUNT LEBANON,BAABDA,JAMMHOUR,PARKING,GROCERY,4,35.5684,33.8313,2
MOUNT LEBANON,METN,DEKWANEH,WHATSAPP MARKET,GROCERY,6,35.5597,33.87,2
SOUTH,JEZZINE,JEZZINE ROAD,ABO SAIEED,GROCERY,5,35.5833,33.544,2
MOUNT LEBANON,SHOUF,MAZBOUD,CHAFEEK MM,GROCERY,5,35.4748,33.6134,2
BECAA,ZAHLE,Zahleh Rural,SM FERZOL,Super Market,5,35.9436,33.8738,2
BECAA,ZAHLE,Zahle City,8 TO LATE,GROCERY,5,35.9101,33.8373,2
BECAA,ZAHLE,Zahleh Rural,PHOENICIA ANJAR,Petrol Station,4,35.9178,33.7357,2
BECAA,ZAHLE,Zahleh Rural,EL MEIS CENTER,GROCERY,4,35.9115,33.7597,2
BECAA,ZAHLE,Zahleh Rural,TELIANY,GROCERY,4,35.9113,33.7585,2
MOUNT LEBANON,ALEY,AYTAT,AITAT MARKET,GROCERY,5,35.5598,33.7918,2
MOUNT LEBANON,BAABDA,BATCHAY,HANNA MARKET,GROCERY,4,35.545,33.8244,2
MOUNT LEBANON,BAABDA,JAMMHOUR,YASHA MARKET,GROCERY,4,35.5737,33.8288,2
MOUNT LEBANON,DAHYEH,JAMOUS,MM ALAWEYI,GROCERY,5,35.518,33.8452,2
MOUNT LEBANON,ALEY,AARAMOUN,MARKET PLUS,GROCERY,5,35.4861,33.7948,2
MOUNT LEBANON,ALEY,BCHEMOUN,FAMILIA M.,GROCERY,5,35.5022,33.7804,2
MOUNT LEBANON,ALEY,CHOUEIFAT,AL MAHABA CAFE,Newelneh,4,35.5191,33.815,2
MOUNT LEBANON,ALEY,CHOUEIFAT,ESPRESSO,Newelneh,6,35.5012,33.8073,2
MOUNT LEBANON,ALEY,CHOUEIFAT,TOMA WEL HAJ (Abo Wade3),Newelneh,5,35.5075,33.8051,2
MOUNT LEBANON,DAHYEH,BOURJ EL BARAJNEH,SHERRI MKT,GROCERY,5,35.4997,33.8374,2
MOUNT LEBANON,DAHYEH,TIRO,Al Hadi SM (TIRO),GROCERY,5,35.5038,33.8092,2
MOUNT LEBANON,DAHYEH,AMERCAN,MM BAKER,GROCERY,5,35.5249,33.8537,2
MOUNT LEBANON,SHOUF,SEMQANIYE,DRINKS SHOP,GROCERY,5,35.5849,33.6841,2
MOUNT LEBANON,BAABDA,AIN EL ROUMENEH,AOUAD SUPERMARKET,GROCERY,5,35.5245,33.8592,2
BECAA,BAALBACK,BAALBACK,S.M AL JALIL,GROCERY,4,36.1924,33.9997,2
BECAA,BAALBACK,HALANIYE,KANAA SM,GROCERY,5,36.1718,33.9906,2
BECAA,ZAHLE,Zahle City,SM GEORGE DAOUD,GROCERY,4,35.9071,33.8466,2
BECAA,ZAHLE,Zahleh Rural,EL MEIS MARKET,GROCERY,5,35.9023,33.7688,2
BECAA,WEST BECAA,KAMED EL LAOUZ,S.M RAWAD,GROCERY,5,35.8169,33.6227,2
MOUNT LEBANON,SHOUF,KFARHIM,ZAHER MARKET,GROCERY,5,35.5248,33.6892,2
MOUNT LEBANON,ALEY,AARAMOUN,El Barakeh Market,GROCERY,5,35.4857,33.7925,2
MOUNT LEBANON,DAHYEH,SFEIR,CAFE CLASS,Newelneh,4,35.5218,33.8501,2
MOUNT LEBANON,DAHYEH,TIRO,MM SARA OMT,GROCERY,5,35.5067,33.8109,2
MOUNT LEBANON,DAHYEH,BOURJ EL BARAJNEH,SM ZEIN,GROCERY,5,35.513,33.8437,2
MOUNT LEBANON,SHOUF,BOQAATA,ONE SHOT,GROCERY,4,35.6071,33.6703,2
MOUNT LEBANON,BAABDA,AIN EL ROUMENEH,CARLA MM,GROCERY,5,35.5188,33.8671,2
NORTH,KOURA,KFAR AAQQA,MEDCO KOURA,Petrol Station,5,35.8393,34.2977,2
SOUTH,SAIDA,ABRA,FADI MM.,GROCERY,5,35.3977,33.5628,2
SOUTH,JEZZINE,AIN EL MIR,NEJEM .MM,GROCERY,5,35.4519,33.5495,2
MOUNT LEBANON,SHOUF,BOURJEIN,EBN ABO WAEL MM,GROCERY,5,35.4867,33.6571,2
MOUNT LEBANON,BAABDA,CHIYAH,ROMEH MM,GROCERY,4,35.5127,33.8685,2
BECAA,ZAHLE,Zahleh Rural,NEW FOODIES,GROCERY,4,35.9431,33.8577,2
BECAA,ZAHLE,Zahleh Rural,SM NAZIH JADOUH,GROCERY,4,35.8733,33.8203,2
BECAA,BAALBACK,HALANIYE,ELEGANCE MARKET,GROCERY,4,36.1009,33.9402,2
BECAA,ZAHLE,Zahleh Rural,AL GHADBAN,GROCERY,5,35.8839,33.7626,2
BECAA,ZAHLE,Zahleh Rural,IBRAHIM EL SAYYED,GROCERY,5,35.884,33.763,2
BECAA,WEST BECAA,SAGHBINE,M.M AL MASRI,GROCERY,5,35.742,33.6618,2
BECAA,ZAHLE,Zahleh Rural,MM CHAHINE NABHANE,GROCERY,4,35.9941,33.7861,2
BECAA,BAALBECK,BEDNAYEL,S Mart,GROCERY,5,36.0085,33.908,2
BECAA,RACHAYA,RAFID,AL SABIL,GROCERY,4,35.8401,33.5959,2
MOUNT LEBANON,ALEY,ALEY,ZAHLAN M.M,GROCERY,4,35.5978,33.8081,2
MOUNT LEBANON,ALEY,ALEY,GHADY mm,GROCERY,4,35.6094,33.8079,2
MOUNT LEBANON,ALEY,BAISOUR,BASHAR MARKET,GROCERY,5,35.5627,33.7714,2
MOUNT LEBANON,SHOUF,DAMOUR,M.M EL SEHA JABER ANTOUN,GROCERY,5,35.4569,33.7289,2
MOUNT LEBANON,SHOUF,DAMOUR,TOTAL BONJOUR,Petrol Station,5,35.45,33.7067,2
MOUNT LEBANON,ALEY,KABER SHMOUN,Husein Zib,GROCERY,4,35.5428,33.753,2
MOUNT LEBANON,SHOUF,KFARHIM,MARWAN ABO DARGHAM,GROCERY,4,35.517,33.6884,2
MOUNT LEBANON,ALEY,ALEY,COFFE SHOP,Newelneh,4,35.628,33.8125,2
MOUNT LEBANON,DAHYEH,AL AJNIHA,AL KHALIL SM,GROCERY,6,35.5083,33.8124,2
MOUNT LEBANON,ALEY,BCHEMOUN,ZAHRA MARKET,GROCERY,4,35.5086,33.7768,2
MOUNT LEBANON,ALEY,DEIR QOUBEL,MARKAZ DEIR KOUBIL LLTAMWEEN,GROCERY,5,35.5158,33.794,2
MOUNT LEBANON,DAHYEH,HARET HREIK,IBEN LBALAD,GROCERY,5,35.5157,33.8527,2
MOUNT LEBANON,DAHYEH,SFEIR,JAZIRA MARKET,GROCERY,6,35.5208,33.8494,2
MOUNT LEBANON,DAHYEH,HAY AL SOLOUM,ABO SHARIF MKT,GROCERY,5,35.5127,33.8272,2
MOUNT LEBANON,DAHYEH,HAY AL SOLOUM,M.M EL SEHA maw2af,GROCERY,6,35.5117,33.8281,2
MOUNT LEBANON,DAHYEH,KAFAT,MOKHTAR MM,GROCERY,6,35.5229,33.8397,2
MOUNT LEBANON,SHOUF,BAAQLINE,BAAKLIN SM,GROCERY,5,35.5581,33.6791,2
MOUNT LEBANON,SHOUF,BEITEDDINE,STORE JAN ABI KHALIL,GROCERY,5,35.5818,33.6955,2
BECAA,BAALBECK,BAALBECK CITY,THE FAMILIES SM,GROCERY,4,36.18,33.9953,2
MOUNT LEBANON,BAABDA,AIN EL ROUMENEH,NEWELNI AL SARI3,Newelneh,5,35.5263,33.8633,2
BECAA,ZAHLE,Zahle City,IBRAHIM MARKET,GROCERY,4,35.919,33.8343,2
MOUNT LEBANON,ALEY,KHALDE,KHALDE MARKET,GROCERY,5,35.4726,33.7745,2
MOUNT LEBANON,DAHYEH,BOURJ EL BARAJNEH,NAJI MKT,GROCERY,5,35.4994,33.8432,2
MOUNT LEBANON,DAHYEH,BOURJ EL BARAJNEH,AL TAYB ALBAN AJBAN,GROCERY,5,35.4992,33.8432,2
MOUNT LEBANON,ALEY,CHOUEIFAT,CAFE 24 (2),Newelneh,4,35.5014,33.8058,2
MOUNT LEBANON,DAHYEH,HAY AL SOLOUM,MM TAHAN,GROCERY,6,35.5112,33.8294,2
MOUNT LEBANON,DAHYEH,TAHWITA AL GHADEER,AL HAWRAA MKT,GROCERY,5,35.511,33.8337,2
MOUNT LEBANON,METN,MANSOURIEH,UNITED STATION MM,Petrol Station,5,35.5689,33.8545,2
BECAA,ZAHLE,Zahleh Rural,EST DIMA HUSSEIN LAKIS,GROCERY,4,35.4908471,33.8182792,2
BECAA,ZAHLE,Zahleh Rural,HIGHWAY MARKET,GROCERY,5,35.9524,33.8634,2
BECAA,ZAHLE,Zahleh Rural,SM NEEMI,GROCERY,5,35.9452,33.8589,2
BECAA,ZAHLE,Zahleh Rural,SM KHALED JADOUH,GROCERY,5,35.8766,33.822,2
BECAA,ZAHLE,Zahleh Rural,MOUSSAED SM,GROCERY,5,35.986251,33.8203442,2
BECAA,ZAHLE,Zahle City,MM NABHANE,GROCERY,4,35.9083,33.8303,2
BECAA,ZAHLE,Zahle City,MM ANWAR CHAMAS,GROCERY,5,35.9086,33.8502,2
BECAA,RACHAYA,DAHER EL AHMAR,ZEIN DRINKS,GROCERY,4,35.8308,33.5335,2
BECAA,ZAHLE,Zahleh Rural,AL JARRAH,GROCERY,5,35.8829,33.7612,2
BECAA,ZAHLE,Zahleh Rural,ROUKOUZ EL HAJJ,GROCERY,5,36.0055,33.8501,2
BECAA,ZAHLE,Zahleh Rural,COCCINELLE,GROCERY,6,36.0065,33.8503,2
BECAA,ZAHLE,Zahleh Rural,BOURJI M.M,GROCERY,5,36.0146,33.8545,2
BECAA,RACHAYA,RAFID,HAJAR S.M,GROCERY,4,35.8333,33.5854,2
BECAA,ZAHLE,Zahleh Rural,TAANAYEL S.M,GROCERY,6,35.8852,33.7852,2
BECAA,BAALBECK,TAMNINE EL TAHTA,S.M MORTADA,GROCERY,4,35.9949,33.882,2
BECAA,ZAHLE,Zahleh Rural,MM MOHAMAD CHOKER,GROCERY,6,35.9905,33.7813,2
MOUNT LEBANON,ALEY,BAISOUR,M.M Afif El Aaridy,GROCERY,5,35.5671,33.7632,2
MOUNT LEBANON,SHOUF,NEAHME,JIRJES MATAR SM,GROCERY,5,35.458,33.7477,2
MOUNT LEBANON,ALEY,ALEY,ABO RAFEAA BAALECHMAY,GROCERY,5,35.6389,33.8121,2
MOUNT LEBANON,ALEY,BCHEMOUN,MAZAJ,GROCERY,5,35.5313,33.7813,2
MOUNT LEBANON,DAHYEH,BOURJ EL BARAJNEH,HAJ SALIM MKT,GROCERY,6,35.5146,33.8428,2
MOUNT LEBANON,DAHYEH,HARET HREIK,AL NOUR SM,GROCERY,5,35.5126,33.8475,2
MOUNT LEBANON,DAHYEH,HARET HREIK,HASAN TAWFIC,GROCERY,5,35.5157,33.8448,2
MOUNT LEBANON,DAHYEH,HAY AL SOLOUM,AL KARIM SM (DAR),GROCERY,5,35.5133,33.8286,2
MOUNT LEBANON,DAHYEH,HAY AL SOLOUM,HAIDAR MKT,GROCERY,5,35.5076,33.8286,2
MOUNT LEBANON,METN,DEKWANEH,BONJOUR - DEKWENIH,Petrol Station,5,35.5448,33.8789,2
MOUNT LEBANON,BAABDA,HAZMIEH,Haber Market,GROCERY,6,35.5408,33.8582,2
MOUNT LEBANON,BAABDA,JAMMHOUR,MEDCO JOUMHOUR,Petrol Station,5,35.5556,33.8453,2
MOUNT LEBANON,METN,MANSOURIEH,RABIH MM,GROCERY,5,35.5747,33.8556,2
MOUNT LEBANON,METN,SIN EL FIL,YOUSIF HADDAD MM,GROCERY,6,35.5353,33.8831,2
MOUNT LEBANON,BAABDA,AIN EL ROUMENEH,STEP IN MARKET,GROCERY,5,35.5206,33.8635,2
BECAA,ZAHLE,Zahle City,NABIL.G.HREIZ,GROCERY,4,35.9025,33.8468,2
BECAA,ZAHLE,Zahle City,SM HADDAD,GROCERY,5,35.8993,33.8318,2
BECAA,ZAHLE,Zahleh Rural,NASSAR S.M,GROCERY,3,35.8622,33.8063,2
BECAA,ZAHLE,Zahle City,NAKHLE EST.,Newelneh,4,35.908,33.8297,2
BECAA,RACHAYA,Rachaya,BAYADER BAKERY,GROCERY,5,35.8716,33.6373,2
MOUNT LEBANON,ALEY,CHOUEIFAT,1ST SHUT (Al Nakhla),Newelneh,5,35.5195,33.815,2
MOUNT LEBANON,ALEY,CHOUEIFAT,SOB7 WITH MASA,Newelneh,4,35.5037,33.8054,2
MOUNT LEBANON,METN,DEKWANEH,AL MOKHTAR MM,GROCERY,5,35.5454,33.8751,2
MOUNT LEBANON,BAABDA,AIN EL ROUMENEH,FOUAD AL KHOURY,GROCERY,6,35.5194,33.8628,2
MOUNT LEBANON,DAHYEH,AMERCAN,DEKANEH,GROCERY,5,35.5237,33.855,2
MOUNT LEBANON,DAHYEH,Ozai,AL HADI MKT,GROCERY,6,35.4851,33.8436,2
MOUNT LEBANON,SHOUF,JIYEH,Shamy Mm,GROCERY,5,35.4215,33.6613,2
MOUNT LEBANON,SHOUF,RMEILET,JIHAD ABO RAFEAA CENTER,GROCERY,4,35.4022,33.6127,2
MOUNT LEBANON,SHOUF,RMEILET,ABO RAFEA,GROCERY,4,35.4024,33.612,2
MOUNT LEBANON,SHOUF,RMEILET,ATALLA MM,GROCERY,5,35.3993,33.6104,2
MOUNT LEBANON,DAHYEH,AMERCAN,AL ESRAA LELTAMWEEN,GROCERY,5,35.5153,33.8612,2
BECAA,ZAHLE,Zahleh Rural,HUSSEIN LAKIS EST,GROCERY,6,35.8552,33.8136,2
BECAA,ZAHLE,Zahle City,MIRNA MARKET,GROCERY,5,35.9155,33.8413,2
BECAA,ZAHLE,Zahleh Rural,CENTRE JADOUH,GROCERY,5,35.8769,33.8201,2
BECAA,ZAHLE,Zahle City,SM NMEIR,GROCERY,5,35.9081,33.8347,2
BECAA,ZAHLE,Zahleh Rural,AL AIN M.M,GROCERY,6,35.9298,33.7283,2
BECAA,ZAHLE,Zahleh Rural,WISSAM SABRI,GROCERY,5,35.9125,33.704,2
BECAA,BAALBECK,TAMNINE EL FAOUQA,AL BARAKA LIL TAMWIN,GROCERY,5,35.988,33.892,2
BECAA,BAALBECK,TAMNINE EL TAHTA,AL BUSTAN TRADING,GROCERY,5,35.99,33.8855,2
BECAA,RACHAYA,RAFID,ANWAR PETROL STATION,Petrol Station,5,35.8668,33.6325,2
MOUNT LEBANON,SHOUF,DAMOUR,GOLD COFFE,KIOSK,5,35.4357,33.6974,2
MOUNT LEBANON,ALEY,BHAMDOUN,RAYMOND,GROCERY,5,35.6502,33.7953,2
MOUNT LEBANON,ALEY,CHOUEIFAT,WAFIC SOUKI,GROCERY,5,35.5167,33.8092,2
MOUNT LEBANON,DAHYEH,AMERCAN,HUSSEIN WARDE,GROCERY,5,35.5162,33.8554,2
MOUNT LEBANON,DAHYEH,Ozai,FOOD MART,GROCERY,6,35.4978,33.8462,2
MOUNT LEBANON,DAHYEH,AAMROSIEH,AL NADA MM,GROCERY,4,35.5168,33.816,2
MOUNT LEBANON,DAHYEH,HARET HREIK,BIG MART,GROCERY,6,35.5102,33.8531,2
MOUNT LEBANON,DAHYEH,TAHWITA AL GHADEER,ZOLFIKAR MKT,GROCERY,6,35.5087,33.8324,2
MOUNT LEBANON,METN,DEKWANEH,DANI MARKET,GROCERY,6,35.5458,33.8749,2
MOUNT LEBANON,BAABDA,FURN EL CHEBBAK,ABU GHANEM MM,GROCERY,6,35.5281,33.8712,2
MOUNT LEBANON,BAABDA,FURN EL CHEBBAK,HANI MM,GROCERY,6,35.523,33.8737,2
MOUNT LEBANON,BAABDA,HADATH,K.LEADER,Petrol Station,5,35.5346,33.8493,2
MOUNT LEBANON,BAABDA,HAZMIEH,Michael Mm,GROCERY,6,35.5501,33.8524,2
MOUNT LEBANON,METN,SIN EL FIL,NAIM YAACOUB MM,GROCERY,5,35.5356,33.8806,2
MOUNT LEBANON,DAHYEH,ST. THARESE,Alsafe 2 St terrese,GROCERY,6,35.5241,33.8486,2
MOUNT LEBANON,DAHYEH,KAFAT,AL AMIR MM,GROCERY,6,35.5214,33.8405,2
MOUNT LEBANON,BAABDA,FURN EL CHEBBAK,EDWARD TANNOUS MM,GROCERY,6,35.5204,33.8741,2
MOUNT LEBANON,BAABDA,FURN EL CHEBBAK,CHALITA,GROCERY,5,35.5211,33.8739,2
MOUNT LEBANON,METN,QORAIEH,SM DAOU,GROCERY,4,35.6789,33.8074,2
MOUNT LEBANON,DAHYEH,TAHWITA AL GHADEER,NASSER MKT,GROCERY,6,35.5123,33.8321,2
MOUNT LEBANON,DAHYEH,JAMOUS,NICE CAFE,GROCERY,6,35.5182,33.8413,2
MOUNT LEBANON,DAHYEH,LAYLAKI,WADI AL ASSI,GROCERY,5,35.5187,33.8363,2
SOUTH,JEZZINE,JEZZINE ROAD,REZEA MM,GROCERY,5,35.5828,33.545,2
MOUNT LEBANON,DAHYEH,CHIYAH,SIBILINI ESPRESSO,Newelneh,5,35.5122,33.8594,2
MOUNT LEBANON,DAHYEH,CHIYAH,KDOUH S.M,GROCERY,4,35.5113,33.8619,2
MOUNT LEBANON,DAHYEH,JAMOUS,CHEHADE MARKET,GROCERY,5,35.514,33.8609,2
BECAA,ZAHLE,Zahleh Rural,ALI LAKIS EST,GROCERY,5,35.8551,33.8136,2
BECAA,ZAHLE,Zahleh Rural,Z HIGHWAY,GROCERY,4,35.8935,33.8238,2
BECAA,ZAHLE,Zahle City,FROMAGERIE SAGHBINI,GROCERY,5,35.9137,33.839,2
BECAA,ZAHLE,Zahleh Rural,MM GHALEB CHIKHANI,GROCERY,5,35.88,33.8235,2
BECAA,ZAHLE,Zahle City,MM TANNOURY,GROCERY,5,35.9029,33.8396,2
BECAA,ZAHLE,Zahle City,OSTA MARKET,GROCERY,6,35.9109,33.8381,2
BECAA,ZAHLE,Zahle City,GGA MARKET,GROCERY,5,35.9047,33.8392,2
BECAA,ZAHLE,Zahleh Rural,S.M ANJAR,GROCERY,5,35.9289,33.7277,2
BECAA,WEST BECAA,Mansoura,AL FAKIH,GROCERY,5,35.8164,33.6803,2
MOUNT LEBANON,ALEY,BAISOUR,Star Market,GROCERY,5,35.5657,33.7705,2
MOUNT LEBANON,ALEY,MAJDEL BAANA,EL TAMWEEB EL AAILY,GROCERY,5,35.6824,33.798,2
MOUNT LEBANON,DAHYEH,BOURJ EL BARAJNEH,AL ZEIN LLTAMWEEN ALMASRY,GROCERY,6,35.5111,33.8485,2
MOUNT LEBANON,DAHYEH,BOURJ EL BARAJNEH,AL MARAAI KHADRA _SAID,GROCERY,5,35.5024,33.8368,2
MOUNT LEBANON,ALEY,CHOUEIFAT,TOTAL TAWEEL,Petrol Station,5,35.4878,33.7996,2
MOUNT LEBANON,METN,DEKWANEH,GERYES SHAAR,GROCERY,6,35.5478,33.8759,2
MOUNT LEBANON,METN,DEKWANEH,SAYDEH MM,GROCERY,5,35.5513,33.8714,2
MOUNT LEBANON,BAABDA,HADATH,TANNOURI MM,GROCERY,5,35.5331,33.8351,2
MOUNT LEBANON,METN,SIN EL FIL,HANNA MM,GROCERY,6,35.5357,33.8804,2
MOUNT LEBANON,METN,SIN EL FIL,ADEL KHOURY MM,GROCERY,6,35.5351,33.8815,2
MOUNT LEBANON,METN,DEKWANEH,GEORGE MARKET,Newelneh,5,35.5484,33.8772,2
MOUNT LEBANON,BAABDA,FURN EL CHEBBAK,BALHA MM,GROCERY,5,35.5258,33.8729,2
MOUNT LEBANON,METN,DEKWANEH,FRIENDS MARKET,GROCERY,5,35.5498,33.8719,2
MOUNT LEBANON,SHOUF,BATLOUN,EL SAMAR ROASTERY,GROCERY,5,35.6471,33.6954,2
MOUNT LEBANON,BAABDA,FURN EL CHEBBAK,ABOU MOUSSA,GROCERY,6,35.523,33.8717,2
MOUNT LEBANON,BAABDA,AIN EL ROUMENEH,SANINE ROASTERY,GROCERY,6,35.5187,33.8659,2
MOUNT LEBANON,METN,CHEBANIYE,RAAD MARKET,GROCERY,4,35.7165,33.8153,2
MOUNT LEBANON,METN,HAMMANA,CHAABAN MARKET,GROCERY,4,35.7324,33.8273,2
MOUNT LEBANON,METN,HAMMANA,WISE CORNER,GROCERY,4,35.733,33.8252,2
BECAA,BAALBACK,TARAYA,ABDEL SATER SM,GROCERY,5,36.1711,34.0425,2
MOUNT LEBANON,DAHYEH,Ozai,CAFE 24 OZAI,Newelneh,5,35.4931,33.8561,2
MOUNT LEBANON,DAHYEH,AMERCAN,ABO DANI MARKET,GROCERY,6,35.5233,33.8554,2
MOUNT LEBANON,METN,MANSOURIEH,EL KANATER MM,Petrol Station,6,35.5612,33.8575,2
SOUTH,SAIDA,KFARMELKI,Taweel Mm,GROCERY,6,35.4777,33.5015,2
BECAA,ZAHLE,Zahle City,MM PAUL HATEM,GROCERY,5,35.9141,33.8394,2
BECAA,ZAHLE,Zahle City,COUCH TARD,GROCERY,5,35.905,33.845,2
BECAA,WEST BECAA,SAGHBINE,M.M HADDAD,GROCERY,6,35.7159,33.6406,2
MOUNT LEBANON,ALEY,ALEY,FAMILY FOOD,GROCERY,4,35.6024,33.8091,2
MOUNT LEBANON,ALEY,ALEY,mm AARAYA,GROCERY,5,35.5954,33.8306,2
SOUTH,JEZZINE,ROUM,BECHARA HADDAD,GROCERY,5,35.53,33.5512,2
SOUTH,JEZZINE,JEZZINE ROAD,ABO ZEID,GROCERY,5,35.5838,33.5433,2
SOUTH,JEZZINE,JEZZINE ROAD,PRIMA PRI SM,GROCERY,5,35.5835,33.5433,2
SOUTH,SAIDA,MAJDELYOUN,ALFA AXES,GROCERY,5,35.403,33.5635,2
BECAA,ZAHLE,Zahleh Rural,SM SAMIA,GROCERY,5,35.9683,33.8675,2
BECAA,ZAHLE,Zahleh Rural,KHATER,GROCERY,5,35.8529,33.8153,2
BECAA,ZAHLE,Zahleh Rural,ghassan chames,GROCERY,5,35.8544,33.8138,2
BECAA,ZAHLE,Zahleh Rural,SALEH AND CO,GROCERY,5,35.8554,33.8133,2
BECAA,ZAHLE,Zahleh Rural,STC ISMAIL W FAYEZ AL MASRI,GROCERY,5,35.8553,33.8134,2
BECAA,ZAHLE,Zahleh Rural,HASHEM JALALA,GROCERY,4,35.8651,33.8123,2
BECAA,ZAHLE,Zahleh Rural,HACHEM MM,GROCERY,4,35.8441,33.819,2
BECAA,ZAHLE,Zahleh Rural,HASHEM EST,GROCERY,4,35.8338,33.825,2
BECAA,ZAHLE,Zahle City,MM GEORGES MTANOUS,GROCERY,5,35.9091,33.8444,2
BECAA,ZAHLE,Zahleh Rural,MM MOUAATAMAD RHIMI,GROCERY,5,35.8904,33.8182,2
BECAA,Zahleh,ANJAR,BEDROS MAKHOLIAN,GROCERY,5,35.9365,33.7305,2
BECAA,ZAHLE,Zahleh Rural,HUSSAM SABRI,GROCERY,5,35.9121,33.7177,2
BECAA,ZAHLE,Zahleh Rural,AYOUB M.M,GROCERY,5,35.9744,33.8818,2
BECAA,BAALBECK,TAMNINE EL TAHTA,four stars market,GROCERY,5,35.9883,33.8922,2
BECAA,RACHAYA,RAFID,AL KADIRY,Petrol Station,5,35.8353,33.5881,2
MOUNT LEBANON,ALEY,BAISOUR,Jamil Mlaaeb,GROCERY,5,35.5555,33.7568,2
MOUNT LEBANON,DAHYEH,HARET HREIK,ATIEH MARKET,GROCERY,5,35.5147,33.8549,2
MOUNT LEBANON,METN,DEKWANEH,TRADER JONY,Newelneh,4,35.5433,33.8803,2
MOUNT LEBANON,DAHYEH,JAMOUS,JABER MM /ALMOLOUK,GROCERY,6,35.5203,33.845,2
MOUNT LEBANON,BAABDA,FURN EL CHEBBAK,HACHEM MM,GROCERY,6,35.5277,33.8725,2
MOUNT LEBANON,METN,MANSOURIEH,THE CONTAINER,Newelneh,5,35.561,33.8579,2
MOUNT LEBANON,BAABDA,AIN EL ROUMENEH,TANNINS MM,GROCERY,6,35.5179,33.8692,2
BECAA,BAALBACK,TARAYA,EL HAISSAM EST,GROCERY,4,36.034,33.9917,2
BECAA,ZAHLE,Zahleh Rural,NABIL ACHKAR STORES,GROCERY,4,35.867,33.8182,2
BECAA,ZAHLE,Zahleh Rural,SM SUN RISE,GROCERY,5,35.8549,33.8133,2
BECAA,ZAHLE,Zahleh Rural,SM MOURTADA,GROCERY,6,35.926,33.849,2
BECAA,ZAHLE,Zahle City,MM ABOU YAKDAM,GROCERY,5,35.9143,33.8398,2
BECAA,ZAHLE,Zahleh Rural,MM NAIIMI,GROCERY,6,35.8867,33.8214,2
BECAA,ZAHLE,Zahleh Rural,MM RANIA BOU HAMDAN,GROCERY,5,35.8674,33.8199,2
BECAA,ZAHLE,Zahleh Rural,NA2RASHAT,GROCERY,5,35.8835,33.8197,2
BECAA,WEST BECAA,Mansoura,MILED HANNA,GROCERY,5,35.8155,33.68,2
BECAA,BAALBECK,Shmistar,SAMAHA TRADING,GROCERY,5,36.0181,33.9643,2
BECAA,ZAHLE,Zahleh Rural,M.M AL MATAR,GROCERY,5,35.9984,33.8645,2
MOUNT LEBANON,SHOUF,DMIT,MINI ABO SAMIR,GROCERY,4,35.5149,33.6894,2
MOUNT LEBANON,ALEY,MAJDEL BAANA,LAMITA,GROCERY,5,35.6921,33.8025,2
MOUNT LEBANON,ALEY,SAOUFAR,SM SAWFAR,GROCERY,5,35.6982,33.8026,2
MOUNT LEBANON,ALEY,ALEY,G MART,GROCERY,5,35.609,33.8123,2
MOUNT LEBANON,ALEY,BHAMDOUN,BUTCHERY NASIF EL HABER,GROCERY,5,35.6278,33.7806,2
MOUNT LEBANON,METN,DEKWANEH,LET CHARIOT,GROCERY,5,35.5552,33.8753,2
MOUNT LEBANON,SHOUF,BAAQLINE,DAY AND NIGHT,GROCERY,5,35.5695,33.6777,2
SOUTH,SAIDA,SHARHABIL,ZAREEF MM,GROCERY,5,35.394,33.5787,2
SOUTH,SAIDA,JBAA ROAD,Mhamm Ad Dhyne,GROCERY,5,35.5194,33.4846,2
SOUTH,SAIDA,JBAA ROAD,Akram Dhiene,GROCERY,5,35.5189,33.4847,2
SOUTH,SAIDA,KFARMELKI,Sara Sm,GROCERY,6,35.4847,33.4986,2
BECAA,ZAHLE,Zahleh Rural,SM HASHEM,GROCERY,5,35.8851,33.8254,2
BECAA,ZAHLE,Zahleh Rural,YOUSSEF BOU DIWAN MM - TAALBAYA,GROCERY,4,35.8727,33.8158,2
BECAA,ZAHLE,Zahleh Rural,YOUSSEF ABOU DIWAN MM - SAADNAYEL,GROCERY,5,35.8643,33.8172,2
BECAA,ZAHLE,Zahleh Rural,SM SEHA,GROCERY,5,35.8716,33.8159,2
BECAA,ZAHLE,Zahleh Rural,MM KABALAN SAGHBINI,GROCERY,5,35.9821,33.8181,2
BECAA,ZAHLE,Zahle City,MM SADDI,GROCERY,5,35.9028,33.8475,2
BECAA,ZAHLE,Zahle City,tony market,GROCERY,4,35.9042,33.8348,2
BECAA,ZAHLE,Zahle City,ISSA SAAD STORES,GROCERY,5,35.9072,33.846,2
BECAA,BAALBECK,BRITEL,SEIF EL DINE MARKET,GROCERY,4,36.109,33.9474,2
BECAA,WEST BECAA,SAGHBINE,ABOU ASSY,GROCERY,6,35.7161,33.6406,2
BECAA,ZAHLE,Zahleh Rural,AL. HOUDOUD,GROCERY,4,35.9196,33.7039,2
BECAA,WEST BECAA,SAGHBINE,MIRNA MHANNA,GROCERY,5,35.6974,33.6113,2
BECAA,RACHAYA,Rachaya,ALI AL KADY,GROCERY,4,35.8339,33.524,2
BECAA,ZAHLE,Zahleh Rural,ABOU RJEILY MARKET,GROCERY,5,35.9927,33.7848,2
BECAA,RACHAYA,Rachaya City,GHOUDI DRINKS,GROCERY,4,35.8022,33.5208,2
MOUNT LEBANON,ALEY,AAYNAB,Sm Aala Zawkak,GROCERY,5,35.5434,33.7581,2
MOUNT LEBANON,ALEY,BAISOUR,NIZAR,GROCERY,5,35.5669,33.765,2
MOUNT LEBANON,ALEY,CHOUEIFAT,SM BASHIR,GROCERY,4,35.5001,33.8063,2
MOUNT LEBANON,METN,DEKWANEH,NEW DEKWENIH MARKET,GROCERY,6,35.5478,33.876,2
MOUNT LEBANON,METN,DEKWANEH,ABU CARLOS MARKET,GROCERY,6,35.5499,33.8745,2
MOUNT LEBANON,METN,DEKWANEH,ABU KHALIL MM,GROCERY,5,35.5464,33.8775,2
BECAA,BAALBECK,DEIR EL AHMAR,GEORGES KHOURY,GROCERY,5,36.1287,34.1244,2
MOUNT LEBANON,BAABDA,AIN EL ROUMENEH,SHIP SHOP,GROCERY,5,35.5185,33.8646,2
BECAA,BAALBACK,HALANIYE,M.M YAHFOUFI,GROCERY,5,36.2064,34.0036,2
BECAA,BAALBECK,DEIR EL AHMAR,AL BOUREJ,GROCERY,5,36.1279,34.127,2
BECAA,BAALBECK,DEIR EL AHMAR,RED CITY MARKET,GROCERY,5,36.1281,34.1266,2
BECAA,BAALBECK,DEIR EL AHMAR,MEKHAEL MM,GROCERY,5,36.129,34.1247,2
MOUNT LEBANON,BAABDA,BIR HASSAN,MM SAAD,GROCERY,5,35.4844,33.8606,2
BECAA,ZAHLE,Zahle City,KHATCHO PS,Petrol Station,5,35.899,33.8299,2
BECAA,ZAHLE,Zahleh Rural,MM AIDA ASSY,GROCERY,5,35.983,33.8187,2
BECAA,ZAHLE,Zahle City,HREIZ NEW MARKET,GROCERY,5,35.8986,33.8488,2
BECAA,ZAHLE,Zahle City,SM SEIKALY,GROCERY,6,35.9063,33.8313,2
BECAA,ZAHLE,Zahle City,MM SAYDI,GROCERY,6,35.9149,33.8363,2
BECAA,ZAHLE,Zahle City,SALAMANI EST,GROCERY,5,35.9017,33.8473,2
BECAA,ZAHLE,Zahle City,BAN BOU KHALIL,GROCERY,5,35.8999,33.8306,2
BECAA,RACHAYA,Rachaya City,FAISAL ABOU CHAHLA,GROCERY,4,35.8065,33.5217,2
BECAA,WEST BECAA,JEB JANNINE,ABOU KHEIR,GROCERY,5,35.7854,33.629,2
BECAA,BAALBACK,BAALBACK,DARWICH TRADING,GROCERY,5,36.1284,33.9643,2
BECAA,ZAHLE,Zahle City,MM MICHEL CHAMII,GROCERY,5,35.9139,33.8414,2
MOUNT LEBANON,SHOUF,RMEILET,ANWAR MM,GROCERY,4,35.4023,33.6123,2
BECAA,ZAHLE,Zahleh Rural,SM YOUNESS,GROCERY,4,35.8699,33.8119,2
BECAA,ZAHLE,Zahleh Rural,DAIEBESS STORES,GROCERY,4,35.8668548,33.8161079,2
BECAA,ZAHLE,Zahle City,DAHROUJ MARKET,GROCERY,5,35.9056,33.8325,2
BECAA,ZAHLE,Zahleh Rural,MM FADI JADAA,GROCERY,5,35.8367,33.8244,2
BECAA,ZAHLE,Zahle City,MAAKAR MARKET,GROCERY,4,35.8959,33.8268,2
BECAA,ZAHLE,Zahle City,MM ELIE KHOURY,GROCERY,5,35.9131,33.8409,2
BECAA,ZAHLE,Zahleh Rural,MM HUSSEIN ABAS AHMAD,GROCERY,5,35.8883,33.8216,2
BECAA,ZAHLE,Zahle City,CHUCRI MAROUN,GROCERY,5,35.8953,33.8472,2
BECAA,ZAHLE,Zahle City,JABOUR MARKET,GROCERY,5,35.8983,33.8459,2
BECAA,ZAHLE,Zahleh Rural,ARIFIAN M.M,GROCERY,5,35.9352,33.7302,2
BECAA,ZAHLE,Zahleh Rural,MM RIAD CHOKER,GROCERY,4,35.9905,33.7815,2
BECAA,ZAHLE,Zahleh Rural,M.M ADNAN ABOU HAIKAL,GROCERY,5,35.9068,33.7133,2
BECAA,ZAHLE,Zahleh Rural,IPT TAANAYEL,Petrol Station,5,35.8699,33.8,2
BECAA,RACHAYA,Masnaa,ISTIRAHIT AL HOUDOUD,GROCERY,3,35.9204,33.7032,2
MOUNT LEBANON,ALEY,KHALDE,AWNI MARKET,GROCERY,5,35.5141,33.7633,2
BECAA,BAALBECK,DEIR EL AHMAR,GHANEM HABCHI,GROCERY,5,36.1289,34.1248,2
MOUNT LEBANON,BAABDA,CHIYAH,ALBAN ALMARAAY,GROCERY,5,35.5121,33.8662,2
BECAA,ZAHLE,Zahleh Rural,FARID KASSOUF,GROCERY,5,35.8661,33.8175,2
BECAA,ZAHLE,Zahle City,PATISSERIE BOURGEOIS,GROCERY,5,35.9075,33.8443,2
BECAA,ZAHLE,Zahleh Rural,HASAN YOUSEF,GROCERY,4,35.9198,33.7036,2
BECAA,ZAHLE,Zahle City,MM ATTALAH ABDUL AHAD,GROCERY,5,35.9106,33.8379,2
BECAA,ZAHLE,Zahleh Rural,KHAZAKA MARKET,GROCERY,6,35.8354,33.8252,2
MOUNT LEBANON,BAABDA,KFARCHIMA,KACHOUH STORES,GROCERY,5,35.5351,33.8163,2
MOUNT LEBANON,METN,SIN EL FIL,CHARLY MM,Newelneh,5,35.5351,33.8789,2
BECAA,BAALBECK,CHLIFA,RAYMOND KHOURY,GROCERY,5,36.0982,34.0842,2
MOUNT LEBANON,METN,MANSOURIEH,SHAAYA MM,GROCERY,5,35.5779,33.8558,2
MOUNT LEBANON,METN,MANSOURIEH,KHALIL ROUSTOM MM,GROCERY,6,35.5739,33.8525,2
BECAA,ZAHLE,Zahle City,BEVERLY MARKET,GROCERY,5,35.8932,33.8294,2
BECAA,ZAHLE,Zahle City,SAFE WAY MARKET,GROCERY,5,35.9088,33.8365,2
BECAA,ZAHLE,Zahleh Rural,HAMZEH MARKET,GROCERY,4,35.9059,33.7119,2
BECAA,ZAHLE,Zahleh Rural,ABDUL RAHMAN AL MASRY MM,GROCERY,5,35.8969,33.8251,2
SOUTH,JEZZINE,ROUM,SALEEM HADDAD,GROCERY,6,35.527,33.5485,2
MOUNT LEBANON,DAHYEH,CHIYAH,GABY MAALOULY,GROCERY,5,35.5176,33.86,2
MOUNT LEBANON,METN,BAABDAT,ABDO AZAR MARKET,GROCERY,4,35.6693,33.8906,2
MOUNT LEBANON,METN,QORNET CHEHWAN,La Bouche Rit,GROCERY,5,35.658,33.9206,2
MOUNT LEBANON,METN,BHERSAF,MAATOUK MM,GROCERY,5,35.6651,33.8998,2
MOUNT LEBANON,METN,AATCHANE,Jabbour Mm,GROCERY,5,35.6543,33.9143,2
MOUNT LEBANON,KESERWAN,HRAJEL,CHOUCAIR SUPERMARKET,GROCERY,5,35.8025,34.0165,2
MOUNT LEBANON,KESERWAN,KFAR DIBIANE,SAKR MARKET,GROCERY,5,35.7658,33.9833,2
MOUNT LEBANON,KESERWAN,KFAR DIBIANE,YOUSEF ZOUGHEIB,GROCERY,5,35.77,33.9863,2
MOUNT LEBANON,KESERWAN,RAIFOUN,EL HACHEM SUPERSTORE,GROCERY,4,35.6986,33.9765,2
NORTH,BATROUN,CHEKKA,MAJED SHEKH,Newelneh,5,35.7051,34.2883,2
MOUNT LEBANON,METN,BOLONIA,IBRAHIM YOUSSEF SAMAHA,GROCERY,5,35.7405,33.9109,2
MOUNT LEBANON,KESERWAN,MAYROUBA,Quickly zz market,Newelneh,5,35.7837292,34.0132697,2
MOUNT LEBANON,METN,BAABDAT,AL BERDAWNI MARKET,GROCERY,5,35.6615,33.8894,2
MOUNT LEBANON,METN,BIKFAYA,SAHARI MM,GROCERY,6,35.683,33.9224,2
MOUNT LEBANON,KESERWAN,FARAIYA,YOUSEF SALAME,GROCERY,5,35.8149,34.0163,2
MOUNT LEBANON,KESERWAN,OUYOUN EL SIMAN,MANSOUR SHOP,GROCERY,5,35.8351,33.9921,2
NORTH,BATROUN,CHEKKA,HAJ HUSEN AND SONS,GROCERY,5,35.7323,34.3402,2
NORTH,GREATER TRIPOLI,ABU SAMRA,EST QUARAALI AND SONS,GROCERY,5,35.8459,34.4286,2
NORTH,BATROUN,CHEKKA,ISSA MARKET,GROCERY,5,35.7314,34.3511,2
NORTH,BATROUN,CHEKKA,MINIMARKET SALEH,GROCERY,5,35.7107,34.3055,2
NORTH,GREATER TRIPOLI,TRIPOLI CITY,SM EL NAKHLE,GROCERY,5,35.8523,34.4198,2
MOUNT LEBANON,KESERWAN,KFAR DIBIANE,M SHOP,GROCERY,5,35.81,33.9804,2
MOUNT LEBANON,KESERWAN,OUYOUN EL SIMAN,FREM,GROCERY,5,35.8353,33.9926,2
MOUNT LEBANON,KESERWAN,KFAR DIBIANE,ANTHONY MARKET,GROCERY,6,35.7626,33.9822,2
NORTH,BATROUN,CHEKKA,ONE SHOP SUPERMARKET,GROCERY,5,35.7383,34.3642,2
NORTH,GREATER TRIPOLI,ABU SAMRA,El Anwar,GROCERY,6,35.8454,34.4239,2
NORTH,GREATER TRIPOLI,TRIPOLI CITY,EL AYOUBI MARKET,GROCERY,5,35.841,34.4282,2
NORTH,GREATER TRIPOLI,TRIPOLI CITY,EL ZEIN MARKET,GROCERY,5,35.8408,34.4265,2
NORTH,BATROUN,CHEKKA,SUPERMARKET CHIKKA,GROCERY,5,35.7269,34.3206,2
NORTH,GREATER TRIPOLI,ABU SAMRA,SM GUNEIM 1,GROCERY,5,35.8458,34.4254,2
NORTH,GREATER TRIPOLI,ABU SAMRA,MM EL KANAHA,GROCERY,5,35.8446,34.4275,2
NORTH,BATROUN,CHEKKA,MILAD SALLOUM,GROCERY,5,35.7277,34.3217,2
MOUNT LEBANON,KESERWAN,AAJALTOUN,DOUMIT MARKET,GROCERY,6,35.6836,33.9586,2
MOUNT LEBANON,KESERWAN,FARAIYA,ME MART,GROCERY,5,35.8193,34.0159,2
NORTH,BATROUN,CHEKKA,BOU FARAH MARKET,GROCERY,5,35.7365,34.3286,2
NORTH,BATROUN,CHEKKA,SUPERMARKET MCDC,GROCERY,5,35.7272,34.321,2
NORTH,GREATER TRIPOLI,ABU SAMRA,Dayri Market,GROCERY,5,35.8433,34.4226,2
NORTH,GREATER TRIPOLI,ABU SAMRA,MA3RAD EL SAKAKER,GROCERY,5,35.8399,34.426,2
NORTH,GREATER TRIPOLI,ABU SAMRA,MM HAMZEH (ABOU SAMRA),GROCERY,5,35.8407,34.4264,2
NORTH,GREATER TRIPOLI,TRIPOLI CITY,BILAL AND FAROUK EID FOR TRADING,SPECIALIST,5,35.8457,34.4291,2
NORTH,GREATER TRIPOLI,TRIPOLI CITY,MM HOSAM HIJAZI,GROCERY,5,35.8423,34.4271,2
NORTH,BATROUN,CHEKKA,MAJID ISSA,GROCERY,5,35.7314,34.3494,2
NORTH,BATROUN,CHEKKA,BODY MARKET,GROCERY,5,35.7323,34.3557,2
MOUNT LEBANON,KESERWAN,FAITROUN,ABOU CHARBEL,GROCERY,6,35.7421,33.9933,2
MOUNT LEBANON,KESERWAN,HRAJEL,EL RIF MARKET,GROCERY,5,35.7927,34.0139,2
MOUNT LEBANON,KESERWAN,HRAJEL,MANSOUR ZOUGHEIB,GROCERY,6,35.7928,34.017,2
MOUNT LEBANON,KESERWAN,KFAR DIBIANE,MANSOUR ZOUGHEIB,GROCERY,5,35.766,33.9835,2
MOUNT LEBANON,KESERWAN,KFAR DIBIANE,ROUHANA SALAME,GROCERY,6,35.7561,33.9802,2
MOUNT LEBANON,KESERWAN,AACHQOUT,QUICK FILL EXPRESS,GROCERY,5,35.7177,33.9884,2
MOUNT LEBANON,KESERWAN,FAITROUN,CANDY SHOP.K,GROCERY,5,35.7252,33.9878,2
NORTH,GREATER TRIPOLI,ABU SAMRA,JUNIOR KIOSK,KIOSK,5,35.8448,34.4274,2
NORTH,BATROUN,CHEKKA,KAMAL MARKET,GROCERY,5,35.7364,34.3267,2
NORTH,BATROUN,CHEKKA,SAMROUT MARKET,GROCERY,5,35.7165,34.3088,2
NORTH,BATROUN,CHEKKA,TOUFIK MARKET,GROCERY,5,35.7314,34.3514,2
NORTH,BATROUN,CHEKKA,ALBERT MARKET,GROCERY,5,35.7346,34.3512,2
MOUNT LEBANON,KESERWAN,KFAR DIBIANE,4J MARKET,GROCERY,6,35.7528,33.9794,2
MOUNT LEBANON,KESERWAN,FARAIYA,BTEICH SM,GROCERY,6,35.8224,34.0159,2
NORTH,BATROUN,CHEKKA,MAHALET ALAM,GROCERY,5,35.734,34.3295,2
MOUNT LEBANON,KESERWAN,FARAIYA,MEMA SAJ,GROCERY,5,35.8234,34.0125,2
MOUNT LEBANON,METN,BROUMANA,TONY ASMAR MARKET,GROCERY,5,35.6266,33.8816,2
MOUNT LEBANON,KESERWAN,SHAYLE,WANTED (TUBORG),Newelneh,6,35.6556,33.9547,2
MOUNT LEBANON,KESERWAN,BALLOUNE,TRUST SUPERMARKET,GROCERY,5,35.6728,33.9508,2
MOUNT LEBANON,KESERWAN,AACHQOUT,CENTRE RIZK,GROCERY,4,35.7078,33.9902,2
MOUNT LEBANON,KESERWAN,AACHQOUT,CHIDIAC SUPERMARKET,GROCERY,6,35.7072,33.988,2
MOUNT LEBANON,METN,BROUMANA,BROUMANA MARKET,GROCERY,5,35.6401,33.8861,2
NORTH,AKAR,BEBNINE,SOUFAN LIL TASAWOK,GROCERY,5,35.9819,34.5134,2
MOUNT LEBANON,KESERWAN,BALLOUNE,KHALLOUF,GROCERY,5,35.6725,33.952,2
NORTH,KOURA,KFAR AAQQA,koura market,GROCERY,5,35.8344091,34.2974021,2
MOUNT LEBANON,METN,AIN SAADE,KCC STATION,Petrol Station,6,35.5903,33.8581,2
MOUNT LEBANON,METN,BEIT MERI,JOSEPH MAROUN MARKET,GROCERY,5,35.6029,33.8636,2
MOUNT LEBANON,METN,MAR CHAAYA,ECO MARKET,GROCERY,5,35.6446,33.8877,2
MOUNT LEBANON,METN,AIN SAADE,MBC KHOURY,GROCERY,6,35.5955,33.8625,2
MOUNT LEBANON,KESERWAN,AAJALTOUN,ABOU YOUSEF,GROCERY,5,35.6829,33.9573,2
MOUNT LEBANON,KESERWAN,AAJALTOUN,ABI CHAKER,GROCERY,6,35.6834,33.9661,2
MOUNT LEBANON,KESERWAN,HARISSA & DAROOUN,JVS,GROCERY,6,35.658,33.9834,2
MOUNT LEBANON,KESERWAN,QLEIAAT,WILLIAM CHEESE,GROCERY,5,35.7139,33.974,2
NORTH,KOURA,BTAABOURA,JABBOUR SUPERMARKET,GROCERY,5,35.7515,34.2813,2
MOUNT LEBANON,KESERWAN,BALLOUNE,GERARDO,GROCERY,5,35.6835,33.9663,2
MOUNT LEBANON,KESERWAN,AACHQOUT,SAINT JOSEPH,GROCERY,6,35.692,33.993,2
NORTH,GREATER TRIPOLI,TRIPOLI CITY,MM HAMZEH,GROCERY,5,35.8446,34.4421,2
NORTH,GREATER TRIPOLI,TRIPOLI CITY,MM EL HORIEH,GROCERY,6,35.8372,34.4333,2
NORTH,GREATER TRIPOLI,TRIPOLI CITY,MM ABOU NEDER,GROCERY,6,35.8389,34.4342,2
NORTH,KOURA,BECHMEZZINE,MINIMARKET HAJJ,GROCERY,5,35.8074,34.3198,2
NORTH,KOURA,BZIZA,MWASEMNA,GROCERY,5,35.8294,34.2819,2
NORTH,KOURA,DAR BAACHTAR,DOUG PRIX,GROCERY,5,35.8009,34.2771,2
MOUNT LEBANON,KESERWAN,HARISSA & DAROOUN,MARIE AND GHASSAN CHEMALI,GROCERY,6,35.6563,33.9818,2
MOUNT LEBANON,KESERWAN,BALLOUNE,SABA MARKET,GROCERY,5,35.6779,33.9497,2
NORTH,KOURA,AAFSDIQ,SABA MARKET,GROCERY,5,35.7887,34.3332,2
NORTH,GREATER TRIPOLI,TRIPOLI CITY,MM MOURAD,GROCERY,5,35.8427,34.4428,2
NORTH,GREATER TRIPOLI,TRIPOLI CITY,BREISH STORES,GROCERY,5,35.8432,34.4409,2
NORTH,GREATER TRIPOLI,TRIPOLI CITY,MM KARAM,GROCERY,5,35.8435,34.442,2
MOUNT LEBANON,KESERWAN,QLEIAAT,ZAAROUR,GROCERY,6,35.7137,33.9723,2
MOUNT LEBANON,METN,BROUMANA,P NUT HOUSE,GROCERY,5,35.6357,33.884,2
NORTH,GREATER TRIPOLI,TRIPOLI CITY,MM MOHAMAD MAWAS AND SONS,GROCERY,5,35.843,34.439,2
NORTH,GREATER TRIPOLI,TRIPOLI CITY,MARKET ABOU KANAAN,GROCERY,5,35.8445,34.4383,2
MOUNT LEBANON,KESERWAN,AACHQOUT,AU GRAND MARCHE,GROCERY,5,35.7056,33.9899,2
MOUNT LEBANON,KESERWAN,AACHQOUT,ALBERT DAW,GROCERY,6,35.6959,33.9913,2
MOUNT LEBANON,KESERWAN,AAJALTOUN,TOLINE,GROCERY,6,35.6891,33.9685,2
MOUNT LEBANON,KESERWAN,GHOSTA,CHARBEL MARKET,GROCERY,5,35.6662,33.9846,2
MOUNT LEBANON,KESERWAN,HARISSA & DAROOUN,WEHBE MARKET,GROCERY,6,35.6607,33.9781,2
MOUNT LEBANON,KESERWAN,QLEIAAT,SFEIR SELF SERVICES,GROCERY,6,35.7136,33.9727,2
MOUNT LEBANON,KESERWAN,QLEIAAT,CHARBEL MARKET,GROCERY,5,35.7125,33.9714,2
NORTH,GREATER TRIPOLI,TRIPOLI CITY,MM ABBAS,GROCERY,5,35.8445,34.4419,2
NORTH,KOURA,BECHMEZZINE,SERHAN FOR FAMILY,GROCERY,5,35.8095,34.3258,2
NORTH,KOURA,BZIZA,TOUMA MARKET,GROCERY,5,35.8272,34.2875,2
NORTH,KOURA,BTAABOURA,KORA MARKET,GROCERY,5,35.7618,34.2751,2
NORTH,KOURA,KFAR SAROUN,ZEINA,GROCERY,5,35.8294,34.2976,2
NORTH,KOURA,KFAR SAROUN,AMIRA,GROCERY,5,35.8293,34.2975,2
NORTH,GREATER TRIPOLI,TRIPOLI CITY,MARKET ABOU MOSTAFA FOR FAMILY SUPPLYING,GROCERY,5,35.8444,34.439,2
MOUNT LEBANON,METN,BROUMANA,LE GOUT FRAIS,GROCERY,5,35.6358,33.884,2
MOUNT LEBANON,METN,BROUMANA,ABOU FADEL NUTS,GROCERY,5,35.6222,33.8759,2
MOUNT LEBANON,METN,BOLONIA,AL HAJJ MM,GROCERY,4,35.7491,33.9125,2
MOUNT LEBANON,METN,BEIT MERI,WASSIM MARKET,GROCERY,5,35.602,33.8648,2
MOUNT LEBANON,METN,BIAQOUT,PETIT MARCHE,GROCERY,6,35.5857,33.8977,2
MOUNT LEBANON,METN,ZALKA,KHOURY MM,GROCERY,5,35.5791,33.8956,2
NORTH,GREATER TRIPOLI,TRIPOLI CITY,ASLAN COFFEE SHOP,GROCERY,4,35.8352,34.4409,2
GREATER AKAR,MINIEH DONIEH,SIR ED DANIE,NAYEF MARKET,GROCERY,5,36.0253,34.3834,2
NORTH,GREATER TRIPOLI,MINA,EL MASRI STORES,GROCERY,5,35.8137,34.4487,2
MOUNT LEBANON,METN,JAL EL DIB,KANJ,GROCERY,5,35.5787,33.9055,2
MOUNT LEBANON,METN,JAL EL DIB,ABOU JAOUDEH MM,GROCERY,5,35.5873,33.9043,2
GREATER AKAR,MINIEH DONIEH,BAKHAAOUN,ABOU SAOUD MARKET,GROCERY,5,36.0031,34.4178,2
GREATER AKAR,MINIEH DONIEH,MRAH ES SRAIJ,ALLAM MARKET,GROCERY,5,35.9967,34.4183,2
GREATER AKAR,MINIEH DONIEH,SIR ED DANIE,BAKKOUR CENTER,GROCERY,5,36.0247,34.3836,2
MOUNT LEBANON,KESERWAN,BOUAR,ASSAF GRAND STORE,GROCERY,5,35.6328,34.0471,2
MOUNT LEBANON,KESERWAN,AAQEIBE,MATAR MARKET,GROCERY,5,35.6436,34.0563,2
MOUNT LEBANON,KESERWAN,TABARJA,ASSAF CHIKEN,GROCERY,5,35.6292,34.0288,2
NORTH,GREATER TRIPOLI,MINA,BEIK SPECIALIST,GROCERY,5,35.8161,34.4519,2
NORTH,GREATER TRIPOLI,MINA,SHOPPIES MARKET,GROCERY,5,35.8112,34.4506,2
NORTH,GREATER TRIPOLI,TRIPOLI CITY,AZMI CAFE,Newelneh,5,35.8346,34.4413,2
NORTH,GREATER TRIPOLI,MINA,SALIM KIOSK,KIOSK,5,35.8195,34.449,2
NORTH,GREATER TRIPOLI,MINA,APEC STATION CAFETERIA,Petrol Station,5,35.8217,34.4458,2
NORTH,GREATER TRIPOLI,TRIPOLI CITY,BODON SM,GROCERY,5,35.8399,34.4416,2
NORTH,GREATER TRIPOLI,TRIPOLI CITY,ARTINE CAFE,GROCERY,5,35.8367,34.4358,2
NORTH,GREATER TRIPOLI,TRIPOLI CITY,JULIES COFFEE SHOP,GROCERY,5,35.8327,34.4412,2
GREATER AKAR,MINIEH DONIEH,BAKHAAOUN,ALTAMWIN ALGHIZA2IEH,GROCERY,5,36.0184,34.4092,2
GREATER AKAR,MINIEH DONIEH,SIR ED DANIE,BAKKOUR MARKET,GROCERY,5,36.0284,34.3848,2
GREATER AKAR,MINIEH DONIEH,AASSOUN,SHOWK MARKET,GROCERY,5,36.02,34.3866,2
GREATER AKAR,MINIEH DONIEH,BAKHAAOUN,AL MAHMOUD MARKET,GROCERY,5,35.9995,34.4178,2
MOUNT LEBANON,KESERWAN,SAHEL ALMA,HIGHWAY MARKET,Newelneh,5,35.6468,34,2
MOUNT LEBANON,KESERWAN,SAFRA,DE COTE,Newelneh,5,35.6323,34.043,2
MOUNT LEBANON,KESERWAN,TABARJA,BAKHOS MARKET,GROCERY,5,35.6499,34.0187,2
NORTH,GREATER TRIPOLI,TRIPOLI CITY,QUICK STOP,GROCERY,5,35.8344,34.4327,2
MOUNT LEBANON,KESERWAN,BOUAR,KHOURY MARKET,GROCERY,5,35.6317,34.0449,2
MOUNT LEBANON,KESERWAN,BOUAR,ASSAF MARKET,GROCERY,5,35.6391,34.0426,2
GREATER AKAR,MINIEH DONIEH,BQAA SAFRINE,ALSAYAH MARKET,GROCERY,5,36.025,34.3756,2
MOUNT LEBANON,METN,JAL EL DIB,MARCHE RORO,GROCERY,6,35.5908,33.907,2
MOUNT LEBANON,KESERWAN,AAQEIBE,MOUASSAT AL WADAD,GROCERY,5,35.6438,34.0625,2
MOUNT LEBANON,METN,JAL EL DIB,LEADER,GROCERY,5,35.5851,33.9081,2
MOUNT LEBANON,METN,JAL EL DIB,JOHNNY S MARKET,GROCERY,6,35.5862,33.9008,2
MOUNT LEBANON,KESERWAN,SAFRA,MAKHLOUF MARKET,GROCERY,5,35.6425,34.0375,2
MOUNT LEBANON,KESERWAN,AAQEIBE,SASSINE MARKET,GROCERY,5,35.6468,34.0592,2
MOUNT LEBANON,METN,JAL EL DIB,JOYFUL ROAD,GROCERY,6,35.5808,33.9079,2
MOUNT LEBANON,KESERWAN,SAHEL ALMA,WILLIAM ROASTERY,GROCERY,5,35.6481,34.0033,2
NORTH,GREATER TRIPOLI,MINA,MM DENNAWI,GROCERY,5,35.8179,34.4505,2
MOUNT LEBANON,METN,ROUMIE,LE CHOIX MARKET,GROCERY,6,35.588,33.8797,2
MOUNT LEBANON,KESERWAN,MAAMELTEEN,KANDIEL,GROCERY,6,35.6422,33.9921,2
MOUNT LEBANON,KESERWAN,JOUNIEH CITY,GOLDEN STAR,GROCERY,5,35.6386,33.9885,2
MOUNT LEBANON,KESERWAN,JOUNIEH CITY,AL KHOUEIRY MARKET,GROCERY,5,35.6322,33.9835,2
NORTH,GREATER TRIPOLI,TRIPOLI CITY,ABOU MACHHOUR CAFE,KIOSK,4,35.8258,34.4212,2
NORTH,KOURA,KOUSBA,ANTOUN MARKET,GROCERY,5,35.8563,34.3044,2
NORTH,GREATER TRIPOLI,MINA,SM ABOU RABIH,GROCERY,4,35.8112,34.4501,2
MOUNT LEBANON,METN,JAL EL DIB,MAZRAANI MARKET,GROCERY,5,35.5801,33.9014,2
MOUNT LEBANON,METN,BIAQOUT,DAIRY MARKET SAADEH,GROCERY,4,35.5832,33.8943,2
MOUNT LEBANON,METN,JAL EL DIB,AL KHOURY STORES,GROCERY,5,35.5791,33.8977,2
MOUNT LEBANON,METN,JAL EL DIB,MARCHE SAKO,GROCERY,5,35.5774,33.9031,2
MOUNT LEBANON,KESERWAN,MAAMELTEEN,BILLY'S SHOP,GROCERY,5,35.6449,34.0026,2
MOUNT LEBANON,KESERWAN,MAAMELTEEN,sassine market,GROCERY,4,35.6452,34.0058,2
MOUNT LEBANON,KESERWAN,TABARJA,ABOU ABDALLAH,GROCERY,5,35.6308,34.0202,2
NORTH,KOURA,KFAR AAQQA,MATAR MARKET,GROCERY,5,35.8378,34.303,2
NORTH,GREATER TRIPOLI,TRIPOLI CITY,CAFE ABOU ZOUZ,KIOSK,5,35.8358,34.4345,2
NORTH,GREATER TRIPOLI,MINA,El Asli Market,GROCERY,5,35.8182,34.4482,2
NORTH,GREATER TRIPOLI,MINA,SM EL MASRI,GROCERY,5,35.8186,34.4484,2
NORTH,GREATER TRIPOLI,MINA,MM JEAN AYDA,GROCERY,5,35.8124,34.4515,2
NORTH,GREATER TRIPOLI,MINA,MM JEAN REZEK,GROCERY,5,35.8087,34.4515,2
NORTH,GREATER TRIPOLI,MINA,ABOU ALAIN,GROCERY,5,35.8075,34.4509,2
MOUNT LEBANON,KESERWAN,MAAMELTEEN,CHEERS MARKET,Newelneh,5,35.6411,33.9947,2
MOUNT LEBANON,KESERWAN,MAAMELTEEN,NEWLOUNA,GROCERY,6,35.6386,33.9902,2
MOUNT LEBANON,KESERWAN,MAAMELTEEN,ROY'S MARKET,Newelneh,5,35.6395,33.9922,2
MOUNT LEBANON,KESERWAN,MAAMELTEEN,RED MARKET,GROCERY,5,35.6448,34.0027,2
NORTH,GREATER TRIPOLI,TRIPOLI CITY,EL FAHED CAFETERIA,GROCERY,5,35.8258,34.4216,2
MOUNT LEBANON,KESERWAN,MAAMELTEEN,M&M,GROCERY,5,35.6444,34.0001,2
MOUNT LEBANON,KESERWAN,MAAMELTEEN,AL AKAREM ROBROY,GROCERY,5,35.6428,33.995,2
MOUNT LEBANON,KESERWAN,TABARJA,SNACK MAKHLOUF,GROCERY,5,35.641,34.0136,2
NORTH,GREATER TRIPOLI,TRIPOLI CITY,EL ZEIN MARKET,GROCERY,6,35.8315,34.4348,2
NORTH,GREATER TRIPOLI,TRIPOLI CITY,SAVE WAY,GROCERY,5,35.8286,34.4266,2
MOUNT LEBANON,METN,ZALKA,JOSEPH BACHAALANY MARKET,GROCERY,5,35.572,33.8997,2
MOUNT LEBANON,KESERWAN,MAAMELTEEN,JMP BOULOS,GROCERY,5,35.6484,34.0085,2
NORTH,KOURA,AMIOUN,FRESH MARKET,GROCERY,5,35.815,34.2993,2
MOUNT LEBANON,METN,ZALKA,FOSTOK BONDOK,GROCERY,5,35.5674,33.8974,2
NORTH,KOURA,KOUSBA,JAN YOUNES,GROCERY,5,35.8503,34.3007,2
NORTH,GREATER TRIPOLI,TRIPOLI CITY,SM EL BALHA,GROCERY,5,35.833,34.4437,2
NORTH,GREATER TRIPOLI,TRIPOLI CITY,MY MARKET (ZAHRIEH),GROCERY,5,35.8388,34.4389,2
NORTH,KOURA,AMIOUN,BNN,GROCERY,5,35.8204,34.299,2
NORTH,KOURA,AMIOUN,DARAZI MARKET,GROCERY,5,35.8164,34.2994,2
MOUNT LEBANON,METN,ZALKA,Vana Market,GROCERY,6,35.5767,33.9024,2
NORTH,KOURA,KFAR AAQQA,SHEKH MARKET,GROCERY,5,35.8416,34.2983,2
NORTH,BATROUN,CHEKKA,ABOUD MINIMARKET,GROCERY,5,35.7295,34.3238,2
NORTH,KOURA,KFAR AAQQA,ST GEORGE,GROCERY,5,35.8368,34.3059,2
NORTH,KOURA,KFAR SAROUN,STATION SHAHIN,Petrol Station,5,35.8303,34.2972,2
MOUNT LEBANON,KESERWAN,MAAMELTEEN,VACOSTA,GROCERY,6,35.6423,33.9922,2
NORTH,GREATER TRIPOLI,MINA,MM SAYADI,GROCERY,5,35.8136,34.4488,2
GREATER AKAR,MINIEH DONIEH,BAYYAD,AL NOUR LIL TANWIN,GROCERY,5,35.9724,34.4259,2
MOUNT LEBANON,METN,BSALIM/ MAJZOUB/ MZHER,Karam MARKET,GROCERY,5,35.6093,33.896,2
MOUNT LEBANON,METN,BSALIM/ MAJZOUB/ MZHER,PIT STOP MARKET,GROCERY,4,35.6078,33.8994,2
MOUNT LEBANON,METN,BSALIM/ MAJZOUB/ MZHER,TANNOURY,GROCERY,6,35.6023,33.8995,2
NORTH,KOURA,BTOURRAM,MINIMARKET MELKI,GROCERY,5,35.8095,34.3307,2
MOUNT LEBANON,METN,ZALKA,E SALIBA,GROCERY,5,35.577,33.8983,2
NORTH,KOURA,AABA,HAMID,GROCERY,5,35.8355,34.3487,2
NORTH,KOURA,BSARMA,GEORGE,GROCERY,5,35.84,34.3367,2
MOUNT LEBANON,KESERWAN,ZOUK MOSBEH,HAJJ MARKET,GROCERY,5,35.6198,33.9516,2
MOUNT LEBANON,METN,DBAYEH,mm MAKHLOUF,GROCERY,6,35.5989,33.9378,2
NORTH,BATROUN,BATROUN CITY,MARCHE DU RON POINT,Super Market,4,35.6637,34.2476,2
MOUNT LEBANON,KESERWAN,ZOUK MOSBEH,ELIO CIGARS,Newelneh,4,35.6054,33.964,2
MOUNT LEBANON,KESERWAN,JAAITA,DAOU STORE,GROCERY,4,35.643,33.9537,2
MOUNT LEBANON,KESERWAN,ZOUK MICHAEL,VERONA,Newelneh,4,35.609,33.9708,2
MOUNT LEBANON,KESERWAN,ZOUK MOSBEH,DRIVE INN,Newelneh,3,35.6081,33.9612,2
MOUNT LEBANON,KESERWAN,JAAITA,SAKR MARKET,GROCERY,6,35.6405,33.9542,2
MOUNT LEBANON,METN,JDEIDEH,LEYLAVAN COOP KAROM,GROCERY,4,35.5697,33.886,2
MOUNT LEBANON,METN,FANAR,Coin Market,GROCERY,5,35.569,33.8893,2
NORTH,ZGHARTA,MAJDELAYA,RAMIA SM,GROCERY,5,35.8828,34.409,2
MOUNT LEBANON,METN,DBAYEH,JOE MARKET,GROCERY,5,35.5977,33.9449,2
MOUNT LEBANON,METN,AWKAR,GHOSN STORE,GROCERY,6,35.6006,33.94,2
NORTH,KOURA,DAHR EL AIN,GOLDEN JAMAL,GROCERY,5,35.8398,34.4009,2
NORTH,GREATER TRIPOLI,KALAMOUN,ZAAROUR MARKET,GROCERY,4,35.8027,34.4,2
NORTH,GREATER TRIPOLI,TRIPOLI CITY,SM NABIL EL MASRI AND SONS,GROCERY,4,35.8357,34.4284,2
NORTH,GREATER TRIPOLI,TRIPOLI CITY,METLIJ FOR FAMILY SUPPLYING,GROCERY,5,35.8344,34.427,2
NORTH,BATROUN,BATROUN CITY,BATROUN SM( cigar king),GROCERY,5,35.6624,34.2481,2
NORTH,ZGHARTA,ZGHARTA RURAL,SAYED KASS HANNA MARKET,GROCERY,5,35.8933,34.3999,2
MOUNT LEBANON,KESERWAN,ZOUK MICHAEL,EL HACHEM MARKET,GROCERY,6,35.6061,33.9683,2
NORTH,BATROUN,BEJDARFEL,VERA SUPERMARKET,GROCERY,5,35.7145,34.2468,2
NORTH,GREATER TRIPOLI,KALAMOUN,AROUS EL BAHER,GROCERY,4,35.8026,34.4,2
NORTH,GREATER TRIPOLI,TRIPOLI CITY,CAFETERIA MOHAMAD LABABIDI,GROCERY,5,35.8419,34.4373,2
NORTH,KOURA,DAHR EL AIN,EL MASRI MARKET,GROCERY,5,35.8398,34.4007,2
NORTH,GREATER TRIPOLI,TRIPOLI CITY,CAFE MACHHOUR,KIOSK,4,35.8094,34.3989,2
MOUNT LEBANON,METN,AWKAR,LAHOUD MARKET,GROCERY,5,35.6081,33.9345,2
MOUNT LEBANON,METN,JDEIDEH/BOUCHRIEH,COIN DU FRUIT,GROCERY,5,35.5634,33.8896,2
MOUNT LEBANON,METN,DBAYEH,ABOU KHALIL,GROCERY,6,35.5919,33.9439,2
MOUNT LEBANON,METN,FANAR,SADER MM,GROCERY,6,35.5738,33.8802,2
NORTH,BATROUN,BEJDARFEL,GHALOUB MARKET,GROCERY,5,35.718,34.2437,2
NORTH,GREATER TRIPOLI,KALAMOUN,SAMIR AKRA CAFE,GROCERY,5,35.7824,34.3863,2
NORTH,KOURA,BARSA,MM CHAMMA,GROCERY,5,35.8381,34.3966,2
NORTH,KOURA,DAHR EL AIN,MARKET FADDOUL,GROCERY,5,35.846,34.3912,2
NORTH,GREATER TRIPOLI,KALAMOUN,CAFETERIA EL KALMOUN,Petrol Station,5,35.7819,34.3831,2
NORTH,GREATER TRIPOLI,KALAMOUN,CONCORD KIOSK,KIOSK,4,35.8025,34.3943,2
NORTH,KOURA,RAS MASQA,MM EL AYOUBI (DAHER EL EIN),GROCERY,6,35.8344,34.4102,2
NORTH,KOURA,RAS MASQA,LE PETIT MARCHE,GROCERY,6,35.8323,34.4134,2
NORTH,ZGHARTA,MAJDELAYA,MM CHARBEL ESTFAN,GROCERY,5,35.8799,34.4127,2
MOUNT LEBANON,METN,JDEIDEH/BOUCHRIEH,MILED SHOP,GROCERY,5,35.5666,33.8943,2
MOUNT LEBANON,METN,JDEIDEH/BOUCHRIEH,ST RITA,GROCERY,5,35.5621,33.8899,2
MOUNT LEBANON,METN,DBAYEH,FRIENDS MARKET,GROCERY,6,35.5975,33.9386,2
MOUNT LEBANON,METN,DBAYEH,BF SUPERMARKET,GROCERY,6,35.5976,33.9472,2
MOUNT LEBANON,KESERWAN,JAAITA,JEITA MARKET,Newelneh,6,35.6507,33.9542,2
MOUNT LEBANON,KESERWAN,JAAITA,BUY&BYE,GROCERY,6,35.6418,33.9563,2
MOUNT LEBANON,KESERWAN,ZOUK MOSBEH,SAYDET KANNOUBIN,GROCERY,6,35.6081,33.9559,2
MOUNT LEBANON,METN,JDEIDEH/BOUCHRIEH,MUNCHEES,Newelneh,4,35.5606,33.8932,2
NORTH,BATROUN,BATROUN CITY,ISHAK SAHYOUN,GROCERY,5,35.6602,34.2548,2
NORTH,BATROUN,BATROUN CITY,SALEM YA3KOUB,GROCERY,5,35.6626,34.2522,2
MOUNT LEBANON,METN,JDEIDEH/BOUCHRIEH,DAGHER MARKET,GROCERY,5,35.5723,33.8921,2
NORTH,BATROUN,AABRINE,GEORGE KABALAN,GROCERY,5,35.7045,34.2534,2
NORTH,BATROUN,AABRINE,BARBAR MARKET,GROCERY,5,35.7041,34.2521,2
NORTH,BATROUN,BATROUN CITY,PISTESHERIE BATROUN,GROCERY,5,35.6598,34.253,2
NORTH,BATROUN,BATROUN CITY,MINIMARKET SNAWBARA,GROCERY,5,35.6667,34.244,2
MOUNT LEBANON,METN,SABTIEH,GREEN MM,GROCERY,6,35.5638,33.8776,2
MOUNT LEBANON,METN,SABTIEH,MOURAD MARKET,GROCERY,6,35.5617,33.8792,2
MOUNT LEBANON,KESERWAN,SARBA,FADDOUL SUPERMARKET,Super Market,3,35.6256,33.9783,2
MOUNT LEBANON,KESERWAN,SARBA,ROAD RUNNER,Newelneh,3,35.6188,33.9781,2
NORTH,ZGHARTA,KFAR HATA,JOSEPH MAROUN STATION,Petrol Station,5,35.8999,34.374,2
MOUNT LEBANON,KESERWAN,SARBA,HABIBE BTECHRAB CHI,Newelneh,4,35.6338,33.9805,2
MOUNT LEBANON,KESERWAN,SARBA,ROGER MAKHLOUF,Newelneh,5,35.6303,33.9782,2
MOUNT LEBANON,METN,DEKWANEH,TONY'S MARKET,GROCERY,5,35.5559,33.8774,2
MOUNT LEBANON,METN,SABTIEH,J&J,GROCERY,5,35.5627,33.8789,2
NORTH,ZGHARTA,KFAR HATA,BALHIS SUPER STORE,GROCERY,4,35.9002,34.381,2
NORTH,ZGHARTA,ZGHARTA RURAL,GRAND MARCHE YAMMIN,GROCERY,5,35.8987,34.3901,2
MOUNT LEBANON,KESERWAN,GADER,STE.SARKIS,GROCERY,6,35.6386,33.9804,2
MOUNT LEBANON,KESERWAN,HARET SAKHER,JEAN OUAYNI,GROCERY,5,35.6426,33.9852,2
NORTH,KOURA,DAHR EL AIN,NICOLAS MARKET,GROCERY,4,35.847,34.3772,2
NORTH,KOURA,QALHAT,KARAM MARKET,GROCERY,5,35.7806,34.3658,2
NORTH,KOURA,QALHAT,SM BARO,GROCERY,5,35.7816,34.3592,2
MOUNT LEBANON,METN,SABTIEH,WIDE MM,GROCERY,5,35.5565,33.8819,2
NORTH,BATROUN,JRANE,MANSOUR SUPERMARKET,GROCERY,5,35.7057,34.2266,2
MOUNT LEBANON,KESERWAN,GADER,EL KHAZEN MARKET,GROCERY,5,35.6314,33.978,2
NORTH,KOURA,KOURA RURAL,MM MATTA,GROCERY,5,35.7989,34.3783,2
NORTH,KOURA,QALHAT,MM OM ZIAD,GROCERY,5,35.7825,34.3601,2
NORTH,KOURA,QALHAT,SM ABOU GEORGE,GROCERY,5,35.7829,34.3539,2
NORTH,KOURA,BARSA,SAINT GEORGE MARKET,GROCERY,5,35.8314,34.3887,2
NORTH,KOURA,KOURA RURAL,SM ABOU TONY,GROCERY,5,35.7989,34.3765,2
NORTH,KOURA,KOURA RURAL,MM JEBRAIIL EL ZAKHEM,GROCERY,5,35.8015,34.381,2
MOUNT LEBANON,METN,DEKWANEH,GRAND GOURMET MARKET,GROCERY,5,35.5539,33.8779,2
MOUNT LEBANON,METN,DEKWANEH,ON THE WAY,Petrol Station,5,35.5513,33.8876,2
MOUNT LEBANON,JBEIL,MONSEF,SALLOUM MARKET,GROCERY,5,35.634,34.183,2
MOUNT LEBANON,METN,FANAR,LAYLO MARKET,GROCERY,5,35.5643,33.8836,2
MOUNT LEBANON,JBEIL,AAMCHIT,KHOURY MARKET,GROCERY,5,35.6458,34.1393,2
MOUNT LEBANON,KESERWAN,SAHEL ALMA,BIENVENUE,Petrol Station,5,35.6421,33.99,2
MOUNT LEBANON,JBEIL,AAMCHIT,CASH LESS,GROCERY,5,35.6442,34.1399,2
NORTH,BATROUN,KFAR AABAIDA,GREEN MARKET,GROCERY,5,35.6566,34.2287,2
NORTH,KOURA,DAHR EL AIN,MARKET LEBA ABI ISSA,GROCERY,5,35.8462,34.3756,2
NORTH,KOURA,DAHR EL AIN,MARKET EL KHODOR,GROCERY,5,35.8484,34.3748,2
NORTH,KOURA,DAHR EL AIN,MM GHASSAN BITAR,GROCERY,5,35.8488,34.3716,2
NORTH,GREATER TRIPOLI,TRIPOLI CITY,MM CHAHINE AND SONS,GROCERY,5,35.8348,34.4247,2
MOUNT LEBANON,METN,DEKWANEH,FADI MM,GROCERY,6,35.5546,33.8802,2
MOUNT LEBANON,METN,MANSOURIEH,SUPER C,GROCERY,6,35.5872,33.8601,2
MOUNT LEBANON,METN,DEKWANEH,KARNING MM,GROCERY,6,35.5568,33.8774,2
NORTH,BATROUN,RACHANA,L OLIVIER,GROCERY,5,35.673,34.2123,2
MOUNT LEBANON,JBEIL,AAMCHIT,MAFRAA AMSHIT,GROCERY,5,35.6429,34.1359,2
MOUNT LEBANON,JBEIL,AAMCHIT,SAOUD MARKET,GROCERY,5,35.6414,34.1372,2
MOUNT LEBANON,JBEIL,AAMCHIT,SAMIR STORES,GROCERY,5,35.6442,34.1395,2
MOUNT LEBANON,JBEIL,JDAYEL,SUPERMARKET BOULOS,GROCERY,5,35.6375,34.158,2
NORTH,BATROUN,KFAR AABAIDA,SETUP MARKET,GROCERY,5,35.6589,34.227,2
NORTH,BATROUN,KFAR AABAIDA,MICHEL FADOUS,GROCERY,5,35.656,34.2281,2
MOUNT LEBANON,METN,DEKWANEH,ABI CHAHLA,GROCERY,6,35.5541,33.8787,2
MOUNT LEBANON,KESERWAN,SARBA,GOLDEN MARKET,GROCERY,6,35.6264,33.9719,2
MOUNT LEBANON,JBEIL,AAMCHIT,ALBERT CHDID,GROCERY,5,35.6432,34.1358,2
MOUNT LEBANON,JBEIL,AAMCHIT,MINIMARKET SAMAHER,GROCERY,5,35.6461,34.1386,2
MOUNT LEBANON,JBEIL,JDAYEL,CHRISTIANE MARKET,GROCERY,5,35.6394,34.1606,2
NORTH,BATROUN,KFAR AABAIDA,FADOUS MARKET,GROCERY,5,35.6561,34.2282,2
MOUNT LEBANON,KESERWAN,ZOUK MOSBEH,MARCHE PUBLIC,Newelneh,5,35.6205,33.9573,2
MOUNT LEBANON,METN,JDEIDEH/BOUCHRIEH,ZOUEIN MARKET,GROCERY,6,35.5645,33.89,2
MOUNT LEBANON,METN,ZAKRIT,TANNOUS MM,GROCERY,5,35.6345,33.9303,2
MOUNT LEBANON,KESERWAN,ZOUK MICHAEL,GHANEM MARKET,GROCERY,5,35.6264,33.9659,2
MOUNT LEBANON,KESERWAN,ZOUK MICHAEL,CHOUCAIR MARKET,GROCERY,5,35.6161,33.9678,2
MOUNT LEBANON,KESERWAN,ZOUK MICHAEL,mm AKIKI,GROCERY,5,35.6282,33.962,2
MOUNT LEBANON,KESERWAN,GHOSTA,SAN ANTONIOS,GROCERY,6,35.614,33.9638,2
NORTH,GREATER TRIPOLI,TRIPOLI CITY,TOBACCO HOUSE,SPECIALIST,4,35.8325,34.4377,2
MOUNT LEBANON,KESERWAN,ZOUK MICHAEL,TITI MARKET,GROCERY,4,35.6169,33.9672,2
MOUNT LEBANON,JBEIL,BLAT,SAAD BI YUNES,GROCERY,5,35.6579,34.1155,2
NORTH,GREATER TRIPOLI,TRIPOLI CITY,CHAHINE MARKET,GROCERY,5,35.834,34.4369,2
NORTH,GREATER TRIPOLI,TRIPOLI CITY,SM YAHYA,GROCERY,4,35.8318,34.4239,2
NORTH,GREATER TRIPOLI,TRIPOLI CITY,SM OMAR AHMAD EL HAJ OMAR AND SONS,GROCERY,5,35.8326,34.438,2
NORTH,GREATER TRIPOLI,TRIPOLI CITY,EL AMIRA,GROCERY,5,35.8325,34.4377,2
NORTH,GREATER TRIPOLI,TRIPOLI CITY,SM EL MALIKA 2,GROCERY,5,35.8684,34.4545,2
MOUNT LEBANON,KESERWAN,ZOUK MICHAEL,COIN MARKET,GROCERY,5,35.6158,33.9684,2
MOUNT LEBANON,KESERWAN,ZOUK MICHAEL,CHAHWAN MARKET,GROCERY,5,35.6187,33.9714,2
MOUNT LEBANON,KESERWAN,ZOUK MICHAEL,AL ANIS MARKET,GROCERY,5,35.6167,33.9738,2
MOUNT LEBANON,KESERWAN,ZOUK MICHAEL,ELIAS BEST SHOP,GROCERY,5,35.6097,33.9698,2
MOUNT LEBANON,JBEIL,BLAT,ANGELA MARKET,GROCERY,5,35.669,34.1158,2
MOUNT LEBANON,JBEIL,BLAT,DAHER STORE,GROCERY,5,35.6725,34.11,2
MOUNT LEBANON,JBEIL,BLAT,MARCHÉ VIOLETTE,GROCERY,5,35.6567,34.1133,2
NORTH,GREATER TRIPOLI,MINA,CITY MARKET,GROCERY,5,35.8266,34.4446,2
NORTH,GREATER TRIPOLI,MINA,MM IBRAHIM KOBAYLI,GROCERY,5,35.8276,34.4437,2
NORTH,GREATER TRIPOLI,TRIPOLI CITY,MOHAMAD AJAJ AND SONS STORES,GROCERY,5,35.8289,34.4403,2
NORTH,GREATER TRIPOLI,TRIPOLI CITY,DAIRY MARKET,GROCERY,5,35.8296,34.419,2
NORTH,GREATER TRIPOLI,TRIPOLI CITY,MODCA CAFE,GROCERY,5,35.8306,34.4386,2
NORTH,GREATER TRIPOLI,TRIPOLI CITY,MM SAHAR,GROCERY,5,35.8287,34.4429,2
NORTH,GREATER TRIPOLI,TRIPOLI CITY,SM EL BAHSAS,GROCERY,5,35.8298,34.4193,2
NORTH,GREATER TRIPOLI,TRIPOLI CITY,MM HASSAN,GROCERY,5,35.8291,34.4435,2
MOUNT LEBANON,JBEIL,JBEIL CITY,RAYN MARKET,GROCERY,5,35.6689103,34.1168591,2
NORTH,GREATER TRIPOLI,TRIPOLI CITY,CAFE CHAMMA,GROCERY,5,35.8357,34.4406,2
NORTH,GREATER TRIPOLI,TRIPOLI CITY,Max Market SM,GROCERY,5,35.8303,34.4311,2
NORTH,GREATER TRIPOLI,TRIPOLI CITY,TONY FOR LOTO,GROCERY,5,35.8333,34.4391,2
GREATER AKAR,MINIEH DONIEH,MINIEH-HAI HAMDOUN,SM AL AMENEH,GROCERY,5,35.9218,34.4632,2
MOUNT LEBANON,KESERWAN,ZOUK MICHAEL,DRIVE THRU MARKET,Newelneh,5,35.6137,33.975,2
MOUNT LEBANON,KESERWAN,ZOUK MICHAEL,ST ELIE JOE,GROCERY,6,35.6174,33.9726,2
NORTH,GREATER TRIPOLI,TRIPOLI CITY,SM YOUNIS RAJAB,GROCERY,5,35.8716,34.4526,2
MOUNT LEBANON,JBEIL,MASTITA,BEST BUY MARKET,GROCERY,5,35.6637,34.1061,2
NORTH,GREATER TRIPOLI,TRIPOLI CITY,CITY MARKET EL JUNDI,GROCERY,5,35.8343,34.444,2
NORTH,GREATER TRIPOLI,TRIPOLI CITY,MARKET NECHEBEH,GROCERY,6,35.8317,34.445,2
NORTH,GREATER TRIPOLI,TRIPOLI CITY,FAJER EL SABAH,GROCERY,6,35.8305,34.4445,2
GREATER AKAR,MINIEH DONIEH,BEDDAOUI,MM EL JEMAYZEH,GROCERY,5,35.8665,34.4538,2
MOUNT LEBANON,METN,ANTELIAS,ABOU DANY MARKET,GROCERY,5,35.5857,33.9126,2
MOUNT LEBANON,KESERWAN,ZOUK MICHAEL,ABOU CHARBEL MARKET,GROCERY,5,35.6118,33.9683,2
MOUNT LEBANON,METN,ANTELIAS,ATTALAH MARKET,GROCERY,5,35.5885,33.915,2
MOUNT LEBANON,KESERWAN,ZOUK MICHAEL,ST SIMON,GROCERY,5,35.6192,33.9661,2
MOUNT LEBANON,KESERWAN,ZOUK MICHAEL,ELIAS SALAME,GROCERY,5,35.6169,33.9684,2
MOUNT LEBANON,JBEIL,BLAT,DAHER MARKET,GROCERY,5,35.663,34.1104,2
MOUNT LEBANON,JBEIL,BLAT,RAHME STORES,GROCERY,5,35.6571,34.1171,2
MOUNT LEBANON,JBEIL,MASTITA,ROZY MARKET,GROCERY,5,35.6639,34.1061,2
MOUNT LEBANON,METN,ANTELIAS,COCO S MART,GROCERY,5,35.5925,33.9098,2
MOUNT LEBANON,JBEIL,BLAT,BOPRIX MARKET,GROCERY,5,35.6682,34.1134,2
MOUNT LEBANON,METN,ANTELIAS,KORDAHY ROESTERY,GROCERY,6,35.5879,33.9147,2
MOUNT LEBANON,METN,RABIEH,BEJJANI MARKET,GROCERY,5,35.5938,33.916,2
MOUNT LEBANON,KESERWAN,ZOUK MICHAEL,FREIHA MARKET,GROCERY,5,35.6182,33.9673,2
MOUNT LEBANON,KESERWAN,ZOUK MICHAEL,CHARCUTERIE MAKHLOUF,GROCERY,5,35.6235,33.9689,2
MOUNT LEBANON,METN,NACCACHE,AZAR MARKET,GROCERY,5,35.5951,33.9253,2
MOUNT LEBANON,KESERWAN,SARBA,MANSOUR CHICKEN,GROCERY,6,35.6222,33.9779,2
MOUNT LEBANON,METN,NACCACHE,Naccach Market,GROCERY,5,35.592,33.9254,2
MOUNT LEBANON,KESERWAN,SARBA,ZAKKA SUPERMARKET,GROCERY,4,35.6216,33.9777,2
NORTH,GREATER TRIPOLI,KOBBEH,KOUBEITRI MARKET,GROCERY,5,35.8729,34.4419,2
MOUNT LEBANON,KESERWAN,SARBA,ST GEORGES SUPERMARKET,GROCERY,5,35.6287,33.9757,2
NORTH,GREATER TRIPOLI,TRIPOLI CITY,OBEID MARKET,GROCERY,5,35.8327,34.4451,2
NORTH,GREATER TRIPOLI,KOBBEH,CEDRA MARKET,GROCERY,5,35.8654,34.4353,2
MOUNT LEBANON,METN,AWKAR,Medco Mema ( Aawkar),Petrol Station,5,35.5905,33.9369,2
MOUNT LEBANON,JBEIL,NAHER IBRAHIM,ESTERAHET NAHER IBRAHIM,Newelneh,5,35.6453,34.0653,2
NORTH,ZGHARTA,MAJDELAYA,EL MANTOUJET EL LOUBNANIYE,GROCERY,5,35.8781,34.4159,2
MOUNT LEBANON,METN,NACCACHE,STOP & SHOP,GROCERY,4,35.5894,33.9211,2
MOUNT LEBANON,KESERWAN,KASLIK,CANDY CRUSH,GROCERY,6,35.6196,33.9811,2
MOUNT LEBANON,KESERWAN,KASLIK,JOE MARKET,Petrol Station,5,35.6132,33.9776,2
MOUNT LEBANON,KESERWAN,KASLIK,MAXI MARKET,GROCERY,6,35.6205,33.9836,2
MOUNT LEBANON,JBEIL,HALAT,BREAK IN,Newelneh,5,35.6522,34.0915,2
MOUNT LEBANON,JBEIL,NAHER IBRAHIM,EM HORTOUS,Newelneh,5,35.648,34.0767,2
NORTH,GREATER TRIPOLI,TRIPOLI CITY,ACHRAF ABOU LCHARIF MARKET,GROCERY,4,35.836,34.438,2
NORTH,GREATER TRIPOLI,TRIPOLI CITY,FOODIES,GROCERY,5,35.8324,34.4412,2
NORTH,GREATER TRIPOLI,TRIPOLI CITY,SM SAMAD GROUP,GROCERY,5,35.8376,34.4382,2
NORTH,GREATER TRIPOLI,TRIPOLI CITY,BRAZILI CAFE,GROCERY,5,35.8397,34.4367,2
NORTH,GREATER TRIPOLI,TRIPOLI CITY,YOUSSEF EL MADANI TOBACCO,SPECIALIST,4,35.838,34.4393,2
MOUNT LEBANON,METN,AWKAR,DAN & DOR MARKET,Newelneh,4,35.5917,33.9324,2
MOUNT LEBANON,METN,JAL EL DIB,FRIENDS AM-PM,Newelneh,5,35.5866,33.9077,2
MOUNT LEBANON,JBEIL,HALAT,EL HASHEM STORE,GROCERY,5,35.651,34.0871,2
NORTH,GREATER TRIPOLI,TRIPOLI CITY,SM YAGHI,GROCERY,6,35.8376,34.44,2
NORTH,GREATER TRIPOLI,TRIPOLI CITY,MM MEREHBI,GROCERY,5,35.8312,34.4412,2
NORTH,ZGHARTA,MAJDELAYA,MARKET EL MOKHTAR,GROCERY,5,35.8756,34.4132,2
MOUNT LEBANON,KESERWAN,KASLIK,mm SABBAGH,GROCERY,6,35.6171,33.9819,2
MOUNT LEBANON,KESERWAN,KASLIK,mm KASLIK,GROCERY,6,35.6175,33.9811,2
MOUNT LEBANON,KESERWAN,SARBA,ASSI MARKET,GROCERY,5,35.6286,33.9751,2
NORTH,GREATER TRIPOLI,TRIPOLI CITY,MARKET EL MASRI,GROCERY,5,35.8375,34.4355,2
NORTH,GREATER TRIPOLI,TRIPOLI CITY,MM EL ZOHBI,GROCERY,5,35.8358,34.4395,2
NORTH,GREATER TRIPOLI,TRIPOLI CITY,SHOP & SAVE MARKET,GROCERY,5,35.8295,34.4395,2
MOUNT LEBANON,JBEIL,NAHER IBRAHIM,KHOURY MARKET,GROCERY,5,35.6462,34.072,2
MOUNT LEBANON,JBEIL,NAHER IBRAHIM,ASSAF MARKET,GROCERY,5,35.65,34.0746,2
NORTH,GREATER TRIPOLI,TRIPOLI CITY,HMEDEH EST FOR TRADING,GROCERY,5,35.8305,34.4375,2
NORTH,ZGHARTA,MAJDELAYA,SM ABOU ARIDA,GROCERY,5,35.8639,34.4318,2
MOUNT LEBANON,JBEIL,JBEIL CITY,BERO MARKET,GROCERY,5,35.6443,34.1265,2
NORTH,GREATER TRIPOLI,TRIPOLI CITY,MINI CARFOUD,GROCERY,5,35.8373,34.4401,2
NORTH,GREATER TRIPOLI,TRIPOLI CITY,MM KOTOB,GROCERY,6,35.8418,34.4393,2
NORTH,GREATER TRIPOLI,TRIPOLI CITY,SM El Cheikh,GROCERY,5,35.8367,34.4414,2
MOUNT LEBANON,METN,JAL EL DIB,SIMON,GROCERY,6,35.5853,33.9083,2
MOUNT LEBANON,METN,ANTELIAS,MAISON M,GROCERY,4,35.5905,33.92,2
NORTH,ZGHARTA,MAJDELAYA,YAYA MARKET,Petrol Station,5,35.8789,34.4146,2
MOUNT LEBANON,KESERWAN,SARBA,CHARBEL BEAINY,GROCERY,6,35.6235,33.9814,2
MOUNT LEBANON,KESERWAN,SARBA,NAKHOUL NEW MARKET,GROCERY,6,35.6222,33.9761,2
MOUNT LEBANON,JBEIL,BLAT,BYBLOS MARKET,GROCERY,5,35.6572,34.1177,2
MOUNT LEBANON,JBEIL,HALAT,CHAR'S MARKET,GROCERY,5,35.6564,34.0925,2
MOUNT LEBANON,JBEIL,HALAT,MINIMARKET KARAM,GROCERY,5,35.655,34.092,2
MOUNT LEBANON,METN,NACCACHE,SUNRISE,GROCERY,5,35.5962,33.9261,2
MOUNT LEBANON,KESERWAN,KASLIK,mm HOKAYEM,GROCERY,6,35.6205,33.9814,2
MOUNT LEBANON,KESERWAN,KASLIK,SIMO MARKET,GROCERY,5,35.6195,33.9809,2
MOUNT LEBANON,KESERWAN,SARBA,YA WELCOME MARKET,GROCERY,6,35.6245,33.9751,2
MOUNT LEBANON,KESERWAN,ZOUK MICHAEL,ANDAR MARKET,GROCERY,5,35.6124,33.9773,2
MOUNT LEBANON,KESERWAN,SARBA,JOHNNY MARKET,GROCERY,6,35.628,33.9735,2
MOUNT LEBANON,KESERWAN,SARBA,ZAKKA MARKET,GROCERY,5,35.6209,33.9739,2
MOUNT LEBANON,METN,MAZRAAT YACHOUA,A.N.M MALLAH,GROCERY,5,35.6377,33.9324,2
MOUNT LEBANON,METN,MTAILEB,CAFFEINE,Newelneh,4,35.611,33.9241,2
MOUNT LEBANON,METN,MTAILEB,PINE MARKET,GROCERY,6,35.6208,33.9223,2
MOUNT LEBANON,JBEIL,GHERFINE,Ibrahim Ibrahim,GROCERY,5,35.6736,34.1554,2
MOUNT LEBANON,JBEIL,JBEIL CITY,Hage Super Store,Super Market,4,35.651,34.1205,2
MOUNT LEBANON,KESERWAN,JOUNIEH,ROAD RUNNER JOHNSONS,Newelneh,4,35.6368,33.9827,2
NORTH,AKAR,HALBA,MESELMANI SM,GROCERY,5,36.0800348,34.5422178,2
MOUNT LEBANON,KESERWAN,JOUNIEH CITY,RACHAD ATALLAH,Newelneh,4,35.6388,33.9842,2
MOUNT LEBANON,KESERWAN,GHAZIR & KFARHBAB,GREEN HOUSE,GROCERY,5,35.6545,34.0105,2
MOUNT LEBANON,KESERWAN,GHAZIR & KFARHBAB,ETS LOUIS ZEINNY AND SONS,GROCERY,6,35.6666,34.0179,2
NORTH,AKAR,HALBA,FOOD LAND,GROCERY,5,36.0702,34.5411,2
NORTH,AKAR,HALBA,Fattah COOP,GROCERY,5,36.0821,34.5608,2
MOUNT LEBANON,KESERWAN,HARET SAKHER,TRIM SUPERMARKET,Super Market,4,35.6459,33.9968,2
MOUNT LEBANON,KESERWAN,SAHEL ALMA,JAMIL MARKET,GROCERY,5,35.6513,34.0036,2
NORTH,AKAR,HALBA,OBEID MARKET,GROCERY,5,36.0791,34.5407,2
MOUNT LEBANON,METN,BEIT EL KEKKO,Tmy Market,GROCERY,5,35.6314,33.9295,2
MOUNT LEBANON,METN,AWKAR,JOE MARKET,GROCERY,5,35.6308675,33.9258387,2
MOUNT LEBANON,KESERWAN,GHAZIR & KFARHBAB,SUPERMARKET KFARHBAB,GROCERY,5,35.6559,34.0135,2
MOUNT LEBANON,KESERWAN,JDEIDIT GHAZIR,KEYROUZ SUPERMARKET,GROCERY,6,35.6923,34.0217,2
MOUNT LEBANON,JBEIL,MONSEF,MRS CAFE,KIOSK,5,35.6393,34.201,2
NORTH,GREATER TRIPOLI,KOBBEH,KASSIR SONS,GROCERY,5,35.8518,34.4334,2
NORTH,GREATER TRIPOLI,KOBBEH,SM EL HAJJ ABOU BILAL EL DANNOUN,GROCERY,5,35.8499,34.4329,2
MOUNT LEBANON,JBEIL,JBEIL CITY,Toufik Qoshaya,GROCERY,5,35.6473,34.1237,2
NORTH,GREATER TRIPOLI,KOBBEH,MM OMAR EL DANNOUN,GROCERY,5,35.8477,34.4339,2
MOUNT LEBANON,JBEIL,JBEIL CITY,Najem Stores,GROCERY,5,35.6475,34.1237,2
MOUNT LEBANON,JBEIL,JBEIL CITY,Kaaka Al Zahabiya9,GROCERY,5,35.6474,34.1231,2
NORTH,GREATER TRIPOLI,KOBBEH,SM YAGHI,GROCERY,5,35.8612,34.4327,2
MOUNT LEBANON,KESERWAN,SAHEL ALMA,L EXOTIC MARKET,GROCERY,5,35.6485,33.9895,2
MOUNT LEBANON,KESERWAN,SAHEL ALMA,ST NOHRA MARKET,GROCERY,5,35.6548,33.9935,2
NORTH,GREATER TRIPOLI,JABAL MUHSEN,EL HATWIK FOR GENERAL TRADING,GROCERY,5,35.8542,34.442,2
NORTH,GREATER TRIPOLI,JABAL MUHSEN,SM ALI HATWIK,GROCERY,5,35.8573,34.4411,2
NORTH,GREATER TRIPOLI,KOBBEH,MM ABDEL NASSER EL DANNOUN,GROCERY,5,35.8498,34.4328,2
MOUNT LEBANON,JBEIL,JBEIL CITY,Charcutrie Salameh,GROCERY,5,35.6531,34.1224,2
MOUNT LEBANON,JBEIL,KFAR MASEHOUN,Zakhiya Khoury,GROCERY,5,35.6714,34.1457,2
NORTH,GREATER TRIPOLI,JABAL MUHSEN,EL CHARIF STORES,GROCERY,5,35.8569,34.4448,2
MOUNT LEBANON,METN,QORNET CHEHWAN,MINIYARA MARKET,GROCERY,5,35.6291,33.9205,2
MOUNT LEBANON,KESERWAN,GHAZIR & KFARHBAB,SALAME MARKET,GROCERY,6,35.6498,34.0109,2
MOUNT LEBANON,KESERWAN,SAHEL ALMA,KAYROUZ MARKET,GROCERY,5,35.6564,34.0001,2
MOUNT LEBANON,JBEIL,AAMCHIT,Jaaraa Market,GROCERY,5,35.6542,34.1471,2
MOUNT LEBANON,JBEIL,AAMCHIT,Smart Shop,GROCERY,5,35.6439,34.1438,2
MOUNT LEBANON,JBEIL,JBEIL CITY,Boufrem Stores,GROCERY,5,35.6531,34.1242,2
MOUNT LEBANON,JBEIL,JBEIL CITY,Green Market,GROCERY,5,35.6562,34.1268,2
NORTH,GREATER TRIPOLI,JABAL MUHSEN,SM KHANAT,GROCERY,4,35.8547,34.4424,2
NORTH,GREATER TRIPOLI,KOBBEH,SM BILAL YEGHI,GROCERY,6,35.8513,34.4333,2
MOUNT LEBANON,METN,JDEIDEH/BOUCHRIEH,BOUTROS MARKET,GROCERY,5,35.5607,33.8889,2
MOUNT LEBANON,JBEIL,GHERFINE,Mike Market,GROCERY,5,35.688,34.1585,2
MOUNT LEBANON,KESERWAN,HARET SAKHER,mm NAKAD,GROCERY,5,35.6428,33.9854,2
MOUNT LEBANON,KESERWAN,HARET SAKHER,FAKHRY BOUCHERIE,Newelneh,5,35.6446,33.9887,2
MOUNT LEBANON,KESERWAN,HARET SAKHER,VIERRA MARKET,GROCERY,5,35.6455,33.9906,2
NORTH,GREATER TRIPOLI,JABAL MUHSEN,SM EL MAZLOUM,GROCERY,5,35.8579,34.4464,2
NORTH,GREATER TRIPOLI,JABAL MUHSEN,EL OMRAN STORES,GROCERY,5,35.8591,34.44,2
MOUNT LEBANON,JBEIL,AAMCHIT,Ghadi Market,GROCERY,5,35.6548,34.143,2
MOUNT LEBANON,JBEIL,EDDEH,Edde Market,GROCERY,5,35.6648,34.1406,2
MOUNT LEBANON,JBEIL,EDDEH,S.P.C Market,GROCERY,5,35.6699,34.1456,2
MOUNT LEBANON,JBEIL,GHERFINE,Ammoun Market,GROCERY,5,35.674,34.1552,2
MOUNT LEBANON,JBEIL,JBEIL CITY,Abbas Kanaan,GROCERY,5,35.649,34.1328,2
MOUNT LEBANON,JBEIL,JBEIL CITY,Anis Zeinddine,GROCERY,5,35.6479,34.1208,2
NORTH,GREATER TRIPOLI,KOBBEH,SM EL KONTAR,GROCERY,5,35.8514,34.429,2
MOUNT LEBANON,JBEIL,AAMCHIT,White Chicken,GROCERY,5,35.6568,34.1507,2
MOUNT LEBANON,METN,JDEIDEH,SMILEY MARKET,GROCERY,6,35.5575,33.889,2
NORTH,GREATER TRIPOLI,KOBBEH,MM KANJO,GROCERY,5,35.8514,34.4377,2
MOUNT LEBANON,KESERWAN,ZOUK MICHAEL,MAKHLOUF BROS,Newelneh,4,35.6081,33.9688,2
NORTH,AKAR,AABDE,ISTIRAHET ALSAHEL,GROCERY,5,35.9876687,34.5316991,2
MOUNT LEBANON,KESERWAN,ADONIS,CHOUCAIR SUPERMARKET,GROCERY,5,35.6129,33.9662,2
NORTH,GREATER TRIPOLI,TRIPOLI CITY,AL WALID SM,GROCERY,4,35.8483,34.4457,2
MOUNT LEBANON,METN,DORA,MASSOUD BROS,GROCERY,5,35.5512,33.8931,2
MOUNT LEBANON,KESERWAN,ADONIS,SAINT CHARBEL MARKET,GROCERY,6,35.6126,33.9649,2
MOUNT LEBANON,KESERWAN,ZOUK MICHAEL,ABOU MICHAL,Newelneh,4,35.6087,33.9701,2
MOUNT LEBANON,JBEIL,HALAT,STOP CAFE,Newelneh,5,35.6483,34.0764,2
NORTH,GREATER TRIPOLI,KOBBEH,ZIAD CAFE,GROCERY,5,35.8553,34.4357,2
NORTH,GREATER TRIPOLI,KOBBEH,SM EL HAJJ ALI KASSEM,GROCERY,5,35.8571,34.4356,2
MOUNT LEBANON,KESERWAN,ZOUK MOSBEH,ALL IN MARKET,GROCERY,5,35.6182,33.9606,2
MOUNT LEBANON,METN,SABTIEH,FARAH MARKET,GROCERY,6,35.5576,33.8865,2
MOUNT LEBANON,JBEIL,JBEIL CITY,MINIMARKET NASER,GROCERY,5,35.659,34.1253,2
NORTH,GREATER TRIPOLI,KOBBEH,MM ABDULLAH EL DOHAYBI,GROCERY,5,35.8551,34.4342,2
MOUNT LEBANON,METN,DORA,YAACOUB SUPERMARKET,GROCERY,5,35.556,33.8929,2
MOUNT LEBANON,KESERWAN,AAINTOURA (KESERWAN),ANTHONY MARKET,GROCERY,6,35.6331,33.9609,2
MOUNT LEBANON,KESERWAN,JAAITA,STOP STNEWAL,Newelneh,6,35.6483,33.9538,2
MOUNT LEBANON,KESERWAN,JAAITA,QUICK STOP,Newelneh,6,35.6495,33.9539,2
MOUNT LEBANON,JBEIL,MASTITA,G&P,Newelneh,5,35.6535,34.1082,2
MOUNT LEBANON,METN,DORA,LIQUER MERHEJ,Newelneh,4,35.5592,33.8951,2
MOUNT LEBANON,METN,DORA,MASSOUD MINIMARKET,GROCERY,5,35.5567,33.8929,2
MOUNT LEBANON,METN,BOURJ HAMMOUD,AMANOS MARKET,GROCERY,5,35.5483,33.8909,2
MOUNT LEBANON,METN,FANAR,YA HALA,GROCERY,5,35.565,33.8825,2
NORTH,GREATER TRIPOLI,KOBBEH,PRIMA MARKET,GROCERY,5,35.8626,34.4344,2
GREATER AKAR,MINIEH DONIEH,MINIEH HIGH WAY,LEMON CAFEE HIGH WAY,KIOSK,5,35.9477,34.4872,2
MOUNT LEBANON,METN,SABTIEH,SAFWAN MM,GROCERY,6,35.5614,33.8845,2
MOUNT LEBANON,KESERWAN,ZOUK MOSBEH,GEORGES MARKET,GROCERY,5,35.6201,33.9547,2
MOUNT LEBANON,KESERWAN,ADONIS,SABA MARKET,GROCERY,5,35.6101,33.9659,2
MOUNT LEBANON,JBEIL,BLAT,HABIB GHSEN,GROCERY,5,35.6632,34.123,2
MOUNT LEBANON,JBEIL,JBEIL CITY,UN PEUT DE TOUT,GROCERY,5,35.6481,34.1212,2
NORTH,GREATER TRIPOLI,KOBBEH,MM HAWCHAR,GROCERY,5,35.8559,34.4355,2
GREATER AKAR,MINIEH DONIEH,MINIEH RURAL,ZEITOUN MARKET,GROCERY,5,35.9493,34.4754,2
MOUNT LEBANON,KESERWAN,AAINTOURA (KESERWAN),KWIK MART,GROCERY,6,35.6329,33.9609,2
MOUNT LEBANON,KESERWAN,ZOUK MOSBEH,EXPRESS MARKET,GROCERY,6,35.6198,33.9536,2
MOUNT LEBANON,KESERWAN,ADONIS,ADONIS MARKET,GROCERY,6,35.6178,33.9628,2
MOUNT LEBANON,KESERWAN,ADONIS,ELEGANT MARKET,GROCERY,6,35.6113,33.9664,2
MOUNT LEBANON,KESERWAN,ADONIS,KARAM MARKET,GROCERY,6,35.616,33.9652,2
MOUNT LEBANON,JBEIL,HABBOUB,ALBAN W AJBAN LAKLOK,GROCERY,5,35.6814,34.1298,2
MOUNT LEBANON,METN,BOURJ HAMMOUD,TAHHAN MARKET,GROCERY,5,35.5502,33.8913,2
MOUNT LEBANON,JBEIL,BLAT,MINIMARKET KARAM,GROCERY,5,35.6634,34.1244,2
MOUNT LEBANON,JBEIL,JBEIL CITY,MINIMARKET KHOURY,GROCERY,5,35.6508,34.1199,2
MOUNT LEBANON,KESERWAN,ADONIS,HADDAD MARKET,GROCERY,5,35.6156,33.9637,2
MOUNT LEBANON,KESERWAN,ZOUK MOSBEH,GHAZAL MARKET,GROCERY,6,35.6175,33.9564,2
MOUNT LEBANON,KESERWAN,ADONIS,YOUSEF MARKET,GROCERY,6,35.6168,33.9611,2
NORTH,GREATER TRIPOLI,JABAL MUHSEN,MM ABOU ALAA,GROCERY,6,35.8569,34.4438,2
MOUNT LEBANON,JBEIL,JBEIL CITY,MINIMARKET ABOUD,GROCERY,5,35.6523,34.1178,2
NORTH,GREATER TRIPOLI,TRIPOLI CITY,MM EL RABIH,GROCERY,5,35.8422,34.439,2
MOUNT LEBANON,METN,ZAKRIT,ZAKRIT MARKET,GROCERY,5,35.6339,33.9354,2
MOUNT LEBANON,METN,QORNET CHEHWAN,GOURMANDISE CHEHADEH,GROCERY,5,35.6444,33.9231,2
MOUNT LEBANON,METN,ZAKRIT,FAMILY,GROCERY,5,35.6325,33.9374,2
MOUNT LEBANON,METN,DBAYEH,BASHIR FARAH MARKET,GROCERY,5,35.5982,33.9511,2
MOUNT LEBANON,METN,AWKAR,AL SAYDEH MARKET,GROCERY,6,35.6119,33.9357,2
MOUNT LEBANON,METN,AWKAR,NADDOUR,GROCERY,6,35.6115,33.9354,2
NORTH,ZGHARTA,MIRIATA,IBRAHIM EST FOR TRAIDING,GROCERY,4,35.9301,34.418,2
NORTH,ZGHARTA,ZGHARTA ZEWYEH,SHISHA,GROCERY,5,35.8844,34.4072,2
MOUNT LEBANON,KESERWAN,GHOSTA,CHAYEB MARKET,GROCERY,6,35.6747,33.9855,2
MOUNT LEBANON,KESERWAN,MAYROUBA,BEST SHOP,GROCERY,5,35.7766,34.0151,2
MOUNT LEBANON,KESERWAN,AACHQOUT,DAGHFAL MARKET,GROCERY,5,35.7019,33.9806,2
MOUNT LEBANON,KESERWAN,FARAIYA,TOP SAJ,KIOSK,6,35.8231,34.0126,2
MOUNT LEBANON,KESERWAN,HRAJEL,CHARCUTERIE TONI KHALIL,GROCERY,6,35.7884,34.0138,2
MOUNT LEBANON,KESERWAN,SHAYLE,CHMEILI MM,GROCERY,6,35.6629,33.9607,2
MOUNT LEBANON,KESERWAN,HRAJEL,CHKEIR TRADING SHOPS,GROCERY,6,35.7931,34.0172,2
MOUNT LEBANON,KESERWAN,ZOUK MOSBEH,ZOUK EXPRESS,Newelneh,5,35.6162,33.9547,2
MOUNT LEBANON,KESERWAN,HARET SAKHER,SUNSET,Newelneh,4,35.6495,34.0076,2
MOUNT LEBANON,KESERWAN,HRAJEL,RABIH KHALIL (LOTO),GROCERY,5,35.8093,34.0151,2
MOUNT LEBANON,KESERWAN,AAJALTOUN,KHOURY FRERES,GROCERY,5,35.6885,33.9707,2
MOUNT LEBANON,KESERWAN,MAYROUBA,IBRAHIM KHALIL MM,GROCERY,5,35.7691,34.0113,2
MOUNT LEBANON,KESERWAN,AAJALTOUN,STOP MART,Newelneh,5,35.6878,33.9704,2
MOUNT LEBANON,KESERWAN,AAJALTOUN,MOUNA SFEIR,GROCERY,6,35.6832,33.9652,2
MOUNT LEBANON,KESERWAN,HRAJEL,BOULOS KHALIL AND SONS,GROCERY,6,35.7933,34.0171,2
MOUNT LEBANON,KESERWAN,QLEIAAT,UNCKLE SAM,GROCERY,6,35.7132,33.9719,2
MOUNT LEBANON,KESERWAN,SAFRA,HOMSI STORE,GROCERY,5,35.6302,34.0365,2
MOUNT LEBANON,KESERWAN,GADER,CHKEIR mm,GROCERY,5,35.6383,33.9802,2
MOUNT LEBANON,METN,BEIT CHABAB,La petit Marche,GROCERY,5,35.6769,33.9313,2
MOUNT LEBANON,METN,ZALKA,BONJOUR - RAS GAS,Petrol Station,5,35.5699,33.9012,2
MOUNT LEBANON,METN,QORNET CHEHWAN,CHALZAM MARKET,Newelneh,5,35.6607,33.9189,2
MOUNT LEBANON,METN,BIKFAYA,CHIBLI MARKET,GROCERY,5,35.6762,33.9183,2
MOUNT LEBANON,METN,BSALIM/ MAJZOUB/ MZHER,FOOD STAR MARKET,GROCERY,6,35.6011,33.9083,2
MOUNT LEBANON,METN,DAHR ES SOUANE,LE PANIER MARKET,GROCERY,5,35.6592,33.9057,2
MOUNT LEBANON,METN,DIK EL MEHDE,MAKHLOUF SHOP,GROCERY,5,35.621,33.9354,2
MOUNT LEBANON,METN,FANAR,MEGA FOOD MARKET,GROCERY,6,35.5891,33.8804,2
MOUNT LEBANON,METN,AWKAR,MERHEJ MARKET,GROCERY,6,35.599,33.9506,2
MOUNT LEBANON,METN,JAL EL DIB,NINO MARKET,GROCERY,6,35.58,33.9007,2
MOUNT LEBANON,METN,QORNET CHEHWAN,WAKE UP MARKET,Newelneh,5,35.6342,33.9258,2
MOUNT LEBANON,METN,BSALIM/ MAJZOUB/ MZHER,YAMAMA,GROCERY,6,35.6009,33.908,2
MOUNT LEBANON,METN,BEIT CHABAB,ZAMMOUL,SPECIALIST,3,35.6712,33.9275,2
MOUNT LEBANON,METN,BSALIM/ MAJZOUB/ MZHER,ZOGHBI MARKET,GROCERY,5,35.603,33.9019,2
NORTH,BATROUN,BASBINA,BASBINA MARKET,GROCERY,5,35.6722,34.2468,2
NORTH,ZGHARTA,KFAR HATA,PATISSERIE & LOTTO KFERHATA,GROCERY,5,35.7514,34.2817,2
NORTH,KOURA,KFAR HAZIR,YAZBEK SM (KFARHAZIR),GROCERY,5,35.7805,34.304,2
MOUNT LEBANON,JBEIL,JBEIL CITY,MAKHLOUF SAJJ,GROCERY,5,35.647,34.1227,2
NORTH,KOURA,BTAABOURA,FARES MARKET,GROCERY,5,35.7435,34.2853,2
MOUNT LEBANON,JBEIL,HALAT,HALAT MARKET,GROCERY,5,35.6547,34.0847,2
NORTH,KOURA,ANFEH,CHADI EL MASSI7,GROCERY,5,35.7326,34.3588,2
NORTH,GREATER TRIPOLI,TRIPOLI CITY,CAFE EL SABAH,KIOSK,5,35.8383,34.4368,2
NORTH,GREATER TRIPOLI,MINA,MARKET MAHER,GROCERY,5,35.8213,34.4443,2
NORTH,KOURA,RAS MASQA,MM GR,GROCERY,5,35.8318,34.4127,2
NORTH,GREATER TRIPOLI,TRIPOLI CITY,KIOSK EL MITEIN,KIOSK,6,35.8366,34.4429,2
NORTH,GREATER TRIPOLI,KOBBEH,TAHAN TOBACCO,SPECIALIST,4,35.8545,34.4349,2
NORTH,GREATER TRIPOLI,MINA,DOUKAN MARKET,GROCERY,4,35.8256,34.444,2
NORTH,GREATER TRIPOLI,TRIPOLI CITY,OUBEID CAFÉ,GROCERY,5,35.8339,34.4418,2
BEIRUT,ACHRAFIEH,SODECO,HIBOU - SODECO,GROCERY,5,35.5102,33.8844,2
BEIRUT,RAS BEIRUT,AIN MREISSEH,MOUKADAM MM,GROCERY,5,35.4904,33.9,2
BEIRUT,RAS BEIRUT,HAMRA,CITY MARKET,GROCERY,5,35.4814,33.897,2
MOUNT LEBANON,ALEY,ALEY CITY,BASSAM MOURCHED,SPECIALIST,3,35.597,33.8082,2
MOUNT LEBANON,ALEY,KHALDE,KING COFFE,KIOSK,4,35.4694,33.7726,2
MOUNT LEBANON,SHOUF,NEAHME,SAMER MEZHER,SPECIALIST,2,35.4574,33.7405,2
MOUNT LEBANON,DAHYEH,HARET HREIK,TAHER SM,GROCERY,6,35.5084,33.8546,2
MOUNT LEBANON,DAHYEH,Ozai,MARWA PS,Petrol Station,6,35.4842,33.8309,2
MOUNT LEBANON,DAHYEH,BOURJ EL BARAJNEH,KHAIRAT AL DAYAA (MRAIJAH),GROCERY,5,35.5124,33.8331,2
MOUNT LEBANON,DAHYEH,HAI AL ABIAD,ALBAN WA AJBAN AL SAFI,GROCERY,6,35.5151,33.8486,2
MOUNT LEBANON,DAHYEH,HARET HREIK,ALBAN WA AJBAN AL TAYEB,GROCERY,6,35.5099,33.8502,2
MOUNT LEBANON,DAHYEH,AL AJNIHA,RAYAN MARKET,GROCERY,6,35.5086,33.8128,2
BECAA,WEST BECAA,SAGHBINE,ABDALLAH SALEM AND SONS,GROCERY,4,35.6972,33.6106,2
BECAA,ZAHLE,Zahleh Rural,GHASSAN MARIDA,GROCERY,5,35.8512,33.8157,2
MOUNT LEBANON,BAABDA,AIN EL ROUMENEH,JOE MARKET,GROCERY,5,35.5229,33.8629,2
MOUNT LEBANON,DAHYEH,ST. THARESE,KAMAR SUPERMARKET,GROCERY,5,35.5258,33.8465,2
MOUNT LEBANON,DAHYEH,AMERCAN,AL HADY,GROCERY,5,35.5219,33.8528,2
MOUNT LEBANON,BAABDA,HADATH,HALIM MATAR SHOP,SPECIALIST,2,35.5286,33.842,2
MOUNT LEBANON,KESERWAN,BOUAR,VOILA MARKET,GROCERY,5,35.6353,34.0442,2
MOUNT LEBANON,METN,QORNET CHEHWAN,CHEBEL ABOU AKEL,GROCERY,4,35.6487,33.9218,2
SOUTH,SAIDA,HILALIYEH,WALID SAAOUD,GROCERY,5,35.3967,33.5673,2
MOUNT LEBANON,BAABDA,Tayouneh,EXPRESS ABOU ASSEF,Newelneh,5,35.5098,33.868,2
BEIRUT,MAZRAA,RAS EL NABAA,T CAFÉ,Newelneh,5,35.5068,33.8841,2
MOUNT LEBANON,BAABDA,CHIYAH,AL HAJJ,GROCERY,4,35.5126,33.8602,2
BEIRUT,MAZRAA,NWEIRI,KHAFAJA (Reine MM),GROCERY,6,35.5015,33.882,2
BEIRUT,MAZRAA,BOURJ ABOU HAYDAR,AM PM - BORJ ABOU HAIDAR,GROCERY,5,35.4978,33.8814,2
MOUNT LEBANON,BAABDA,BIR HASSAN,EXPRESS NOUR,GROCERY,5,35.4912,33.8623,2
BEIRUT,MAZRAA,TARIQ EL JDIDE,AHMAD ALI,GROCERY,5,35.4998,33.876,2
BEIRUT,MAZRAA,TARIQ EL JDIDE,ADNAN NASSIR,GROCERY,5,35.4963,33.8784,2
MOUNT LEBANON,BAABDA,BSABA,EL WIDAD,GROCERY,5,35.5452,33.8036,2
MOUNT LEBANON,DAHYEH,HARET HREIK,RHAIEM (BEER AL AABED),GROCERY,5,35.5153,33.85,2
MOUNT LEBANON,METN,MANSOURIEH,WEHBE MARKET,GROCERY,6,35.5642,33.854,2
MOUNT LEBANON,METN,MANSOURIEH,AL ASMAR MM,GROCERY,5,35.5737,33.8511,2
MOUNT LEBANON,BAABDA,AIN EL ROUMENEH,M&G MARKET,GROCERY,6,35.5209,33.8627,2
SOUTH,TYR,BAZOURIYE,AL BAZOURIEH SM,GROCERY,4,35.275,33.256,2
SOUTH,TYR,RMADIEH,AL BOURJI SM,GROCERY,5,35.2766,33.2005,2
SOUTH,TYR,AIN BAAL,SAKSOUK SM,GROCERY,5,35.2377,33.2428,2
SOUTH,TYR,HANAWAY,TAJ EL DIN SM,GROCERY,5,35.2815,33.2211,2
SOUTH,TYR,TYR,EZ EL DIN (TYR),GROCERY,4,35.2074,33.2679,2
SOUTH,TYR,TYR,AMER FARHAT,SPECIALIST,2,35.2224,33.284,2
NABATIEH,BENT JBEIL,YATER,IBRAHIM HAMZEH,GROCERY,4,35.3466,33.166,2
MOUNT LEBANON,METN,SIN EL FIL,ALFRED KHOURY,SPECIALIST,2,35.536,33.8817,2
MOUNT LEBANON,SHOUF,AALMAN,AALMAN MM,GROCERY,4,35.4017,33.5869,2
SOUTH,SAIDA,MAJDLYOUN,KAWAS SM,GROCERY,5,35.4096,33.561,2
NABATIEH,NABATIEH,HOUMINE EL TAHTA,Makki market,GROCERY,5,35.4107,33.4407,2
NABATIEH,NABATIEH,DEIR EZ ZAHRANI,Deir Al Zahrani Assos..,GROCERY,5,35.4621,33.4274,2
SOUTH,SAIDA,MAJDLYOUN,SHAMIEH SM,GROCERY,6,35.4108,33.5612,2
SOUTH,JEZZINE,JEZZINE ROAD,ABOU MANSOUR,GROCERY,6,35.5853,33.541,2
MOUNT LEBANON,SHOUF,BARJA,YASSIN MM,GROCERY,5,35.4653,33.6492,2
MOUNT LEBANON,SHOUF,BARJA,THE MARKET AL MAREJ,GROCERY,5,35.4592,33.6482,2
SOUTH,SAIDA,JBAA ROAD,Safawi MM,GROCERY,5,35.5185,33.4844,2
SOUTH,SAIDA,HAY EL NJASA,BEKAAIE TOBACCO,SPECIALIST,4,35.376,33.5583,2
SOUTH,SAIDA,RAHBAT,AATIEH TOBACCO,SPECIALIST,4,35.3729,33.5572,2
SOUTH,SAIDA,EAST BOULVARD,AHMAD ZAIDAN,SPECIALIST,4,35.3805,33.5642,2
SOUTH,SAIDA,Qraieh,Quick Mart,GROCERY,5,35.409,33.5479,2
SOUTH,SAIDA,MIYEH W MIYEH,ADNAN MM,GROCERY,6,35.3836,33.5493,2
MOUNT LEBANON,DAHYEH,AMERCAN,TASKA KAROUT,GROCERY,4,35.5267,33.8561,2
MOUNT LEBANON,JBEIL,MONSEF,3A TARI2AK,KIOSK,5,35.635,34.1818,2
MOUNT LEBANON,METN,ANTELIAS,ZIX MARKET,Newelneh,5,35.5875,33.9169,2
MOUNT LEBANON,KESERWAN,ZOUK MOSBEH,ROAD RUNNER ZOUK,Newelneh,4,35.6057,33.9559,2
NABATIEH,BENT JBEIL,TEBNINE,HRAJLI SM (TEBNIN),GROCERY,4,35.4164,33.1863,2
MOUNT LEBANON,METN,BOURJ HAMMOUD,TAHAN,Newelneh,5,35.5403,33.8936,2
BEIRUT,ACHRAFIEH,RMEIL,BUNNY MARKET,GROCERY,5,35.5267,33.8888,2
MOUNT LEBANON,METN,DORA,MACHINNE KIOSK,Newelneh,5,35.5572,33.8951,2
MOUNT LEBANON,DAHYEH,HARET HREIK,AL BATOUL,GROCERY,5,35.5111,33.8487,2
BECAA,ZAHLE,Zahleh Rural,chi tayib MARKET,GROCERY,5,35.883,33.8212,2
BECAA,ZAHLE,Zahleh Rural,KHATEEB MARKET,GROCERY,6,35.925,33.8483,2
BECAA,ZAHLE,Zahleh Rural,KARAM SM,GROCERY,5,35.9241,33.845,2
MOUNT LEBANON,METN,MANSOURIEH,MONTAZAH MM,Newelneh,5,35.5779,33.8538,2
MOUNT LEBANON,BAABDA,AIN EL ROUMENEH,CASHKOL MM,GROCERY,5,35.5171,33.864,2
SOUTH,TYR,ZRARIYI,ABOU SHAREEF,GROCERY,5,35.3238,33.3444,2
NABATIEH,NABATIEH,NMAYRIYE,EZ ELDEEN,GROCERY,5,35.4038,33.425,2
NABATIEH,NABATIEH,NMAYRIYE,NADA,GROCERY,6,35.4131,33.4165,2
NABATIEH,NABATIEH,Kfar jawz,LA RENA,GROCERY,5,35.4847,33.3933,2
NABATIEH,NABATIEH,HABBOUCH,Hallal,GROCERY,6,35.4785,33.4088,2
SOUTH,SAIDA,Loubieh,ABOU FARES,GROCERY,5,35.2887,33.4284,2
SOUTH,SAIDA,SARAFAND,MARKAZ AL BATOUL,GROCERY,5,35.2818349,33.4493369,2
SOUTH,SAIDA,SARAFAND,KA3EEN,GROCERY,5,35.2851,33.4543,2
NABATIEH,NABATIEH,HAROUF,HARB MM,GROCERY,5,35.4428,33.3756,2
NABATIEH,NABATIEH,TOUL,AABAS DEKMAK,SPECIALIST,4,35.4428,33.3887,2
NABATIEH,NABATIEH,ZEBDINE,MOHAMAD JOUMAA,SPECIALIST,4,35.4665,33.3772,2
NABATIEH,NABATIEH,KFARROMAN,JOUD MM,GROCERY,5,35.5041,33.3916,2
NABATIEH,NABATIEH,KFARTEBNIT,OLIEK,GROCERY,5,35.5084,33.3527,2
NABATIEH,NABATIEH,KFAR ROUMMANE,SALEH DRINK,GROCERY,5,35.4908,33.388,2
NABATIEH,NABATIEH,HOUMINE EL TAHTA,FAKIEH,GROCERY,5,35.4888,33.3763,2
NABATIEH,NABATIEH,NABATIYET EL FAOUQA,ALBAN WA AJBAN ZEIN,GROCERY,5,35.4908,33.3725,2
BEIRUT,MOUSAITBEH,ZARIF,CAFÉ FAYEZ,GROCERY,5,35.4901,33.8899,2
BEIRUT,MOUSAITBEH,MAR ELIAS,AHMAD SROUR,GROCERY,5,35.4931,33.8883,2
BEIRUT,MARFAA,MAJIDIYEH,D2D Mart,GROCERY,4,35.5058,33.8979,2
SOUTH,TYR,MAARAKE,EST SIMBOLA,GROCERY,5,35.2882,33.275,2
SOUTH,TYR,QANA,FAKEIH MARKET,GROCERY,6,35.3249,33.2058,2
SOUTH,TYR,SRIFA,AL AAINE SM,GROCERY,4,35.3745,33.2778,2
SOUTH,TYR,SRIFA,FARAH AL BAN AJBAN,GROCERY,5,35.3961,33.2806,2
SOUTH,TYR,SIDIKIN,SM AL REEF SIDIKIN,GROCERY,5,35.3078,33.178,2
NABATIEH,BENT JBEIL,HARIS,ISTEHLAKIET HARIS,GROCERY,5,35.3736,33.1811,2
MOUNT LEBANON,SHOUF,RMEILET,JOE STAR MM,GROCERY,4,35.3891,33.6006,2
MOUNT LEBANON,SHOUF,RMEILET,ABOU RAFEA,GROCERY,4,35.3909,33.6059,2
MOUNT LEBANON,SHOUF,KETERMEYA,ALAA EL DEEN,GROCERY,4,35.4342,33.6198,2
MOUNT LEBANON,SHOUF,MAZBOUD,ISRA AL NOUR,GROCERY,4,35.471,33.6136,2
NABATIEH,NABATIEH,ZEFTA,Tayeb MM,GROCERY,5,35.3768,33.469,2
SOUTH,SAIDA,DALAA,KANAAN,GROCERY,5,35.3783,33.5555,2
SOUTH,SAIDA,HAY EL SIT NAFISA,JARDALI,GROCERY,5,35.3762,33.5626,2
SOUTH,SAIDA,HAY EL NJASA,ZAATARI,GROCERY,6,35.377,33.5587,2
MOUNT LEBANON,METN,AWKAR,JEROME MARKET,GROCERY,6,35.6095,33.9346,2
MOUNT LEBANON,METN,ANTELIAS,SPEEDY,Newelneh,4,35.5872,33.9175,2
MOUNT LEBANON,METN,QORNET CHEHWAN,S K SHOP,GROCERY,5,35.6357,33.9206,2
MOUNT LEBANON,METN,JDEIDEH/BOUCHRIEH,HADY MARKET,GROCERY,6,35.5718,33.8922,2
MOUNT LEBANON,METN,FANAR,Wehbi Market,GROCERY,6,35.5645,33.8863,2
NORTH,GREATER TRIPOLI,TRIPOLI CITY,CIGARA,SPECIALIST,4,35.8311,34.4356,2
NORTH,KOURA,BARSA,ABOU RABIH MM,GROCERY,5,35.8482,34.3831,2
NORTH,BATROUN,BATROUN CITY,TAHAN MARKET,GROCERY,5,35.6605,34.2565,2
NORTH,BATROUN,CHEKKA,MAHALET MELHEM,GROCERY,5,35.7268,34.3204,2
MOUNT LEBANON,KESERWAN,AAQEIBE,TONY KHAYRALLAH,GROCERY,5,35.6438,34.0623,2
MOUNT LEBANON,JBEIL,NAHER IBRAHIM,FIDAL MARKET,GROCERY,5,35.6461,34.0653,2
BEIRUT,MOUSAITBEH,MAR ELIAS,BASSAM MARKET,GROCERY,4,35.4946,33.8818,2
BEIRUT,MAZRAA,BOURJ ABOU HAYDAR,BADRAN,GROCERY,6,35.4992,33.8872,2
SOUTH,TYR,AITET,AL SAYED MM (AITIT),GROCERY,5,35.3341,33.2034,2
MOUNT LEBANON,DAHYEH,HARET HREIK,HELWI W MOURA CAFÉ,Newelneh,4,35.5067,33.8554,2
MOUNT LEBANON,METN,DEKWANEH,NEW RAWDA MARKET,GROCERY,5,35.5587,33.8762,2
MOUNT LEBANON,METN,MANSOURIEH,Wardieh Mkales,Petrol Station,5,35.5474,33.8634,2
BECAA,BAALBECK,Shmistar,ABDO SEBLANI,GROCERY,5,36.0195,33.9673,2
BECAA,ZAHLE,Zahleh Rural,MAALOUF TRAIDING,GROCERY,4,35.9499,33.8613,2
SOUTH,TYR,BRAIKIA,AL DAI3A MM,GROCERY,5,35.384,33.3387,2
NABATIEH,NABATIEH,ZAOUTAR EL CHARQIYE,PERLA MART,GROCERY,5,35.4762,33.3252,2
SOUTH,SAIDA,ABRA,BIG MARKET,GROCERY,5,35.3957,33.5672,2
SOUTH,SAIDA,BOUSTAN EL KBIR,AL NOUMAIRI SM,GROCERY,5,35.3823,33.5727,2
MOUNT LEBANON,KESERWAN,JOUNIEH CITY,BIENVENUE (LA CITEE),KIOSK,5,35.637,33.9837,2
NORTH,KOURA,DAHR EL AIN,EL ZAHABI,GROCERY,4,35.8474,34.3821,2
NORTH,GREATER TRIPOLI,KALAMOUN,ABOU MACHHOUR (KALAMOUN),KIOSK,5,35.7987,34.3921,2
BECAA,ZAHLE,Zahleh Rural,SAMIR EL GHERIZ,GROCERY,5,36.0194,33.8533,2
BECAA,ZAHLE,Zahleh Rural,EDMOND SIDNAWI,GROCERY,6,35.9463,33.8737,2
MOUNT LEBANON,ALEY,DAWHAT AARAMOUN,Shraiha WS,SPECIALIST,1,35.4875,33.7969,2
NABATIEH,BENT JBEIL,TEBNINE,AIN AL MEZRAB SM,GROCERY,4,35.4186,33.2065,2
SOUTH,TYR,QANA,SAKSOUK QANA,GROCERY,5,35.2984,33.2094,2
MOUNT LEBANON,DAHYEH,SFEIR,3Mo Al Dikkanji Sfeir,Super Market,4,35.5169,33.8582,2
MOUNT LEBANON,BAABDA,GHOUBAIRI,HAMDAN (GHOUBAIRI),GROCERY,5,35.5064,33.8621,2
BEIRUT,RAS BEIRUT,HAMRA,HAMRA JUICE,GROCERY,6,35.4831,33.8954,2
BEIRUT,RAS BEIRUT,HAMRA,AM PM - GHANDI ST,GROCERY,5,35.4783,33.8967,2
MOUNT LEBANON,DAHYEH,CHIYAH,RAMADAN KHALIL WS,SPECIALIST,2,35.5166,33.862,2
MOUNT LEBANON,ALEY,CHOUEIFAT,ALI GHADER WS,SPECIALIST,2,35.5013,33.8067,2
NORTH,GREATER TRIPOLI,MINA,NABIL EL MASRI (RIFI),GROCERY,5,35.8259,34.4433,2
MOUNT LEBANON,KESERWAN,BALLOUNE,T&J MARKET,GROCERY,5,35.6767,33.9501,2
MOUNT LEBANON,KESERWAN,GADER,GREEN STAR MARKET,GROCERY,6,35.6371,33.9778,2
NORTH,BATROUN,BATROUN CITY,RALPH CAFÉ,KIOSK,5,35.6648,34.2444,2
MOUNT LEBANON,JBEIL,NAHER IBRAHIM,X RAY CAFÉ,Newelneh,5,35.6437,34.0697,2
MOUNT LEBANON,JBEIL,MASTITA,STOP N GO,Newelneh,5,35.6533,34.1033,2
MOUNT LEBANON,JBEIL,MASTITA,MA BADE 3AZBAK,Newelneh,5,35.6529,34.1103,2
MOUNT LEBANON,JBEIL,MASTITA,ANY TIME,Newelneh,5,35.6531,34.1053,2
MOUNT LEBANON,JBEIL,HALAT,MOCCA CAFÉ,Newelneh,5,35.652,34.0881,2
MOUNT LEBANON,JBEIL,AMCHIT,SAINT GEORGES MARKET,GROCERY,5,35.634,34.15,2
MOUNT LEBANON,DAHYEH,Ozai,CAFÉ AL SHATE2,Newelneh,5,35.4877,33.8558,2
BECAA,ZAHLE,Zahleh Rural,KHALIL MM (ABLAH),GROCERY,6,35.9613,33.8712,2
SOUTH,TYR,SIDIKIN,AABADI MARKET,SPECIALIST,2,35.3059,33.1865,2
NABATIEH,BENT JBEIL,BIR EL SALESIL,AL GHADEER (BIR SALASEL),GROCERY,5,35.4085,33.2254,2
SOUTH,SAIDA,KFARMELKI,Eco Market,GROCERY,6,35.4848,33.4987,2
MOUNT LEBANON,ALEY,CHOUEIFAT,WHISKERIA (CHOUEIFAT),Newelneh,5,35.5111,33.806,2
MOUNT LEBANON,DAHYEH,AMERCAN,AHMAD MM,GROCERY,6,35.5249,33.8482,2
BECAA,ZAHLE,Zahleh Rural,TONY HMAIMES,GROCERY,5,35.9867,33.8173,2
BECAA,ZAHLE,Zahleh Rural,BOU LIAS CAFFE,KIOSK,5,35.9774,33.8266,2
MOUNT LEBANON,METN,SIN EL FIL,BAITOUTI KIOSK,Newelneh,5,35.5386,33.8696,2
MOUNT LEBANON,BAABDA,FURN EL CHEBBAK,24/7 - ABRAJ,GROCERY,4,35.5268,33.8678,2
MOUNT LEBANON,METN,MANSOURIEH,LA RESIDENCE,GROCERY,6,35.5769,33.8455,2
MOUNT LEBANON,METN,ANTELIAS,MOUSALLEM,GROCERY,6,35.5886,33.9111,2
MOUNT LEBANON,METN,ANTELIAS,NUTS SNACK,Newelneh,5,35.5881,33.9174,2
MOUNT LEBANON,METN,BOURJ HAMMOUD,Hi Market,GROCERY,5,35.5436,33.8881,2
MOUNT LEBANON,ALEY,BCHEMOUN,AL CHEIKH SM,GROCERY,5,35.4956,33.791,2
NORTH,GREATER TRIPOLI,TRIPOLI CITY,ZAKARIA EL JUNDI,GROCERY,5,35.8504,34.4444,2
NORTH,GREATER TRIPOLI,JABAL MUHSEN,HAJAR MM,GROCERY,5,35.8591,34.4439,2
MOUNT LEBANON,METN,DIK EL MEHDE,1ER MARCHE,GROCERY,6,35.6231,33.9336,2
MOUNT LEBANON,KESERWAN,SARBA,FAYAD,Newelneh,4,35.6271,33.9778,2
SOUTH,SAIDA,KAAKAIYET EL SNOUBAR,RAHAF SM,GROCERY,5,35.3465,33.4308,2
NABATIEH,NABATIEH,NABATIEH EL TAHTA,JABER MM ( NABATIEH ),GROCERY,5,35.4808,33.3793,2
SOUTH,SAIDA,MAGHDOUCHE,FRESH MARKET,GROCERY,6,35.3981,33.5131,2
SOUTH,SAIDA,HARET SAIDA,AL HALLAK STORE,GROCERY,5,35.3826,33.5579,2
SOUTH,SAIDA,KFARHATA,Abou Ali Harb,GROCERY,4,35.4628,33.5025,2
SOUTH,JEZZINE,ROUM,SHOPI SHOP,GROCERY,6,35.4519,33.5457,2
BEIRUT,ACHRAFIEH,SIOUFI,GRAB N GO - SIOUFI,GROCERY,5,35.525,33.8845,2
BEIRUT,ACHRAFIEH,FURN EL HAYEK,MARCHE DE QUARTIER,GROCERY,5,35.515,33.89,2
MOUNT LEBANON,KESERWAN,KFAR DIBIANE,GHALEB EL MIR (FAQRA) C BLESS,GROCERY,5,35.8144,33.9916,2
MOUNT LEBANON,BAABDA,BIR HASSAN,JNNAH SM,GROCERY,5,35.4842,33.8617,2
MOUNT LEBANON,BAABDA,CHIYAH,AL EMMAN,GROCERY,6,35.5182,33.8592,2
MOUNT LEBANON,ALEY,DAWHAT AARAMOUN,Karim Express,Newelneh,5,35.4939,33.7786,2
MOUNT LEBANON,ALEY,DAWHAT AARAMOUN,EXPRESS PLUS,Newelneh,4,35.4879,33.7983,2
MOUNT LEBANON,BAABDA,HAZMIEH,Le Champion,GROCERY,5,35.5355,33.8566,2
BEIRUT,RAS BEIRUT,VERDUN,VC CAFÉ,Newelneh,5,35.485,33.8853,2
BEIRUT,RAS BEIRUT,HAMRA,SHABROUKA,KIOSK,4,35.4795,33.894,2
NORTH,ZGHARTA,ZGHARTA ZEWYEH,TWENTY FOUR MARKET,Petrol Station,5,35.898,34.3913,2
SOUTH,SAIDA,MAGHDOUCHE,ISTIRAHIT AL SAHA,GROCERY,6,35.3855,33.5224,2
MOUNT LEBANON,ALEY,KABER SHMOUN,Wehbe SM 3,GROCERY,5,35.5428256,33.7529005,2
MOUNT LEBANON,ALEY,DAWHAT AARAMOUN,coffe and supermarket jana,GROCERY,4,35.4878,33.7986,2
MOUNT LEBANON,BAABDA,AIN EL ROUMENEH,C&C,GROCERY,6,35.5189,33.8684,2
SOUTH,SAIDA,HAY EL BARAD,AL WASTANI MM,GROCERY,5,35.3838,33.569,2
SOUTH,SAIDA,DALAA,HALAK MM,GROCERY,5,35.3773,33.5572,2
BEIRUT,RAS BEIRUT,HAMRA,HARPER MARKET,GROCERY,4,35.481,33.8947,2
BEIRUT,MOUSAITBEH,ZARIF,FAKHANI ZARIF,GROCERY,4,35.4901,33.8897,2
NORTH,BATROUN,BATROUN CITY,ORDER 24/24,GROCERY,5,35.6601,34.2542,2
MOUNT LEBANON,KESERWAN,AAINTOURA (KESERWAN),LE MARCHEE (JEAN IBRAHIM),GROCERY,6,35.6401,33.9566,2
BEIRUT,RAS BEIRUT,Rawshe,Younis Rawche,GROCERY,5,35.4768,33.8873,2
MOUNT LEBANON,ALEY,CHOUEIFAT,ABOU KARIM,GROCERY,6,35.502,33.8057,2
MOUNT LEBANON,BAABDA,CHIYAH,MALAK CHAYAH,GROCERY,5,35.51,33.8662,2
MOUNT LEBANON,DAHYEH,HARET HREIK,AL HADI HARAT,GROCERY,5,35.5064,33.8572,2
MOUNT LEBANON,BAABDA,HAZMIEH,Express Fiadieh,Newelneh,5,35.547,33.8495,2
MOUNT LEBANON,JBEIL,JBEIL CITY,AL FARAH MARKET,GROCERY,5,35.6618,34.1197,2
NORTH,KOURA,RAS MASQA,HOZ MALL,GROCERY,5,35.8386,34.4021,2
MOUNT LEBANON,JBEIL,HABBOUB,ABOU JEAN MARKET,GROCERY,5,35.6690791,34.1302176,2
BEIRUT,MINA EL HOSN,KANTARI,CHTOURA SNACK 1,GROCERY,5,35.4929,33.8962,2
BEIRUT,RAS BEIRUT,HAMRA,A 2 Z MART,GROCERY,4,35.4797,33.898,2
BEIRUT,MOUSAITBEH,ZARIF,RIDA CAFE,Newelneh,4,35.4891,33.8903,2
MOUNT LEBANON,DAHYEH,LAYLAKI,AL NOUR 4 (MAW2AF),GROCERY,5,35.5156,33.8292,2
BECAA,RACHAYA,Manara,AL MANARA,GROCERY,5,35.884,33.6545,2
MOUNT LEBANON,BAABDA,HAZMIEH,CHEZ MALEK,GROCERY,6,35.5487,33.8523,2
BEIRUT,RMEIL,GEMMAYZE,Shop Point,GROCERY,5,35.528,33.8973,2
MOUNT LEBANON,BAABDA,CHIYAH,SHAMS EL DEEN,GROCERY,6,35.5108,33.8646,2
NORTH,GREATER TRIPOLI,TRIPOLI CITY,RAYAN MARKET (MITEIN),GROCERY,5,35.836,34.4425,2
BECAA,ZAHLE,Zahle City,YOURS MARKET,GROCERY,5,35.8859,33.8453,2
BECAA,ZAHLE,Zahle City,chadi akiki mm,GROCERY,5,35.8859,33.8457,2
BECAA,ZAHLE,Zahleh Rural,georges CHHADEH MM,GROCERY,5,35.9434,33.8749,2
BECAA,ZAHLE,Zahle City,TONY JABBOUR,GROCERY,5,35.8953,33.8473,2
BEIRUT,RAS BEIRUT,HAMRA,BREAD AND BUTTER,GROCERY,4,35.4837,33.8988,2
SOUTH,TYR,AITET,AL WADI,GROCERY,5,35.3075,33.2446,2
SOUTH,TYR,JOUIAYA,AWADA (JWAIA),GROCERY,5,35.3369,33.2256,2
MOUNT LEBANON,SHOUF,JIYEH,Express Al shami,Newelneh,5,35.4214,33.6614,2
MOUNT LEBANON,SHOUF,DAMOUR,express abo fayad,Newelneh,5,35.4497,33.7104,2
SOUTH,JEZZINE,KFAR JARA,NAJEM SM,GROCERY,5,35.4331,33.5493,2
NORTH,BATROUN,BATROUN CITY,2AHWET ALZAAEEM,Newelneh,5,35.6671,34.251,2
MOUNT LEBANON,JBEIL,JBEIL CITY,ABOU PIER,GROCERY,5,35.6459,34.1317,2
NORTH,KOURA,AMIOUN,SMART MARKET,GROCERY,5,35.8113,34.3034,2
MOUNT LEBANON,DAHYEH,BOURJ EL BARAJNEH,ISMAIL MARKET,GROCERY,5,35.4976,33.8412,2
BEIRUT,MOUSAITBEH,Watwat,OH LA LA MARKET,GROCERY,4,35.4945,33.8922,2
MOUNT LEBANON,ALEY,CHOUEIFAT,KING CAFÉ,Newelneh,5,35.5073,33.805,2
MOUNT LEBANON,DAHYEH,HARET HREIK,AL AMEER SM,GROCERY,5,35.5087,33.8534,2
GREATER AKAR,MINIEH DONIEH,BQAA SAFRINE,OMAR KANJ,GROCERY,5,36.0199,34.3752,2
GREATER AKAR,MINIEH DONIEH,HAQUEL EL AZIMI,KHODAIR MM,GROCERY,5,36.0134,34.3955,2
NABATIEH,NABATIEH,HOUMINE EL TAHTA,DAHER MM,GROCERY,5,35.4804,33.382,2
BEIRUT,RAS BEIRUT,HAMRA,SAM'S DOKAN,GROCERY,5,35.4812,33.8958,2
NORTH,KOURA,BECHMEZZINE,BECHMEZZINE MARKET,GROCERY,5,35.8055,34.3214,2
MOUNT LEBANON,METN,MANSOURIEH,QUICK PICK (MKALLES),Newelneh,5,35.5463,33.8648,2
NORTH,GREATER TRIPOLI,TRIPOLI CITY,EZZ EL DEEN KANAWATI,SPECIALIST,1,35.8153,34.4487,2
NORTH,GREATER TRIPOLI,TRIPOLI CITY,CHAFCHAK (SARAYA),SPECIALIST,1,35.8365,34.4336,2
NORTH,GREATER TRIPOLI,TRIPOLI CITY,CHAFCHAK (ZAHRIEH),SPECIALIST,1,35.844,34.4395,2
NORTH,GREATER TRIPOLI,TRIPOLI CITY,MIDHAT YAACOUB,SPECIALIST,1,35.839,34.4373,2
MOUNT LEBANON,BAABDA,JAMMHOUR,shop n go,Newelneh,4,35.5707,33.8301,2
NORTH,ZGHARTA,ZGHARTA ZEWYEH,CLAUDE BALAIIS,SPECIALIST,4,35.8999,34.3863,2
MOUNT LEBANON,DAHYEH,Ozai,KAYSAR YOUSSEF,SPECIALIST,2,35.4844,33.8607,2
MOUNT LEBANON,KESERWAN,TABARJA,TABARJA STATION,KIOSK,5,35.631,34.0249,2
NORTH,BATROUN,BATROUN CITY,ABOU ABBOUD MARKET,GROCERY,5,35.6604,34.257,2
MOUNT LEBANON,KESERWAN,KFAR YASSINE / ADMA / DAFNA,ALL IN MARKET,GROCERY,5,35.6345,34.0272,2
NORTH,BATROUN,CHEKKA,ABOU MARC,GROCERY,6,35.729,34.3234,2
MOUNT LEBANON,JBEIL,JBEIL CITY,SARA MARKET,GROCERY,5,35.6548,34.1227,2
BECAA,ZAHLE,Zahleh Rural,YAAKOUB SM,GROCERY,5,35.912,33.7527,2
BECAA,BAALBACK,HALANIYE,MASRI SM,GROCERY,4,36.1247,33.9233,2
BECAA,BAALBACK,HALANIYE,ISMAIL MARKET,GROCERY,5,36.1554,33.9818,2
BECAA,ZAHLE,Zahleh Rural,AMERICAN 24,GROCERY,5,35.8313,33.8072,2
MOUNT LEBANON,BAABDA,JAMMHOUR,Younis Station,GROCERY,5,35.5786,33.8264,2
MOUNT LEBANON,ALEY,CHOUEIFAT,ABOU FARAJ MM,GROCERY,4,35.5201,33.8008,2
MOUNT LEBANON,ALEY,KHALDE,CAFÉ el 3sayle,Newelneh,5,35.4683,33.7708,2
MOUNT LEBANON,ALEY,KHALDE,ALFORNO,Super Market,5,35.463,33.7651,2
MOUNT LEBANON,ALEY,KHALDE,CAFÉ AL KARIM,Newelneh,4,35.4667,33.7682,2
MOUNT LEBANON,ALEY,CHOUEIFAT,Ajmal 3alam,Newelneh,5,35.5106,33.8059,2
MOUNT LEBANON,ALEY,CHOUEIFAT,SMILE CAFÉ,Newelneh,5,35.5094,33.8056,2
MOUNT LEBANON,ALEY,CHOUEIFAT,KING CAFÉ 2(abo zooz),Newelneh,6,35.5009,33.8057,2
MOUNT LEBANON,DAHYEH,BARAKAT,HADI MARKET BARAKAT,GROCERY,6,35.5054,33.8251,2
MOUNT LEBANON,DAHYEH,AMERCAN,CHAHINE MM,GROCERY,5,35.5232,33.8549,2
MOUNT LEBANON,BAABDA,CHIYAH,JEBNEH W LABNEH (CHIYAH),GROCERY,5,35.5113,33.8655,2
MOUNT LEBANON,DAHYEH,LAYLAKI,SALET TAWFEER,GROCERY,5,35.5163,33.8333,2
NORTH,KOURA,KFAR HAZIR,DJAIJY MARKET,GROCERY,5,35.7769,34.3117,2
NORTH,BATROUN,RAS NHACH,VILLAGE MARKET,GROCERY,5,35.7243,34.2809,2
MOUNT LEBANON,METN,SIN EL FIL,BOB CAFÉ,Newelneh,5,35.5392,33.8782,2
MOUNT LEBANON,METN,DAHR ES SOUANE,LE BLANC MARCHE,GROCERY,5,35.6588,33.9001,2
MOUNT LEBANON,BAABDA,HAZMIEH,Ras Gaz Fyadieh,Petrol Station,5,35.5487,33.8493,2
SOUTH,TYR,TYR,JAAFAR AWADA,GROCERY,5,35.2037,33.2714,2
NABATIEH,BENT JBEIL,HARIS,MOUSA MM,GROCERY,5,35.368,33.176,2
SOUTH,TYR,BORJ RAHAL,KASSEM ATWI,GROCERY,5,35.2842,33.3085,2
NABATIEH,NABATIEH,NSAR,ANSAR MM,GROCERY,5,35.3672,33.3756,2
NORTH,GREATER TRIPOLI,TRIPOLI CITY,OMAR EL HAJ OMAR (MINA),GROCERY,5,35.8139,34.4495,2
MOUNT LEBANON,ALEY,KHALDE,SUKAR KHAFIF,Newelneh,4,35.4848,33.7978,2
MOUNT LEBANON,BAABDA,HAZMIEH,Marche Urban,GROCERY,5,35.5463,33.8528,2
SOUTH,TYR,KAFRA,EZZEDINE Market - Kafra,GROCERY,4,35.3412,33.1681,2
BECAA,ZAHLE,Zahleh Rural,IMAD SALAMEH MARKET,GROCERY,5,36.0054,33.8506,2
BEIRUT,MOUSAITBEH,MAR ELIAS,RANCILIO CAFE,Newelneh,5,35.4905,33.8814,2
BEIRUT,MOUSAITBEH,ZARIF,ADAWI 2,GROCERY,5,35.4901227,33.887467,2
BEIRUT,RAS BEIRUT,HAMRA,A PLUS MARKET - AUH,GROCERY,4,35.4853,33.8967,2
BECAA,BAALBACK,TARAYA,sm al karim,GROCERY,5,36.037,33.9951,2
MOUNT LEBANON,DAHYEH,HAY AL SOLOUM,ZAIN SM,GROCERY,5,35.5123,33.8292,2
BEIRUT,ACHRAFIEH,Sagesse,AM PM - ASHRAFIEH,GROCERY,5,35.5194,33.892,2
BEIRUT,ACHRAFIEH,Saifi,GRAB N GO - Mar Mkhael,GROCERY,4,35.5241,33.8964,2
SOUTH,TYR,RAS EL EIN,GHADIR SLEIMAN,GROCERY,4,35.2231,33.2283,2
SOUTH,TYR,SIDIKIN,MOHAMAD ALI BALHAS,GROCERY,5,35.306,33.1859,2
SOUTH,TYR,TYR,CITY MARKET,GROCERY,5,35.2039,33.2659,2
NABATIEH,NABATIEH,Qsaybe,NAKHIL TOBACCO,SPECIALIST,3,35.4205,33.3452,2
MOUNT LEBANON,METN,ZALKA,CAFÉ SHOP ZALKA,Newelneh,5,35.5771,33.9044,2
MOUNT LEBANON,METN,DORA,ROAD MARKET,Newelneh,4,35.5452,33.8952,2
MOUNT LEBANON,METN,ANTELIAS,AROUND THE CLOCK,Newelneh,5,35.5924,33.9145,2
MOUNT LEBANON,METN,SABTIEH,BOULOS,GROCERY,5,35.5521,33.8863,2
NORTH,GREATER TRIPOLI,TRIPOLI CITY,COFFEE PASTE,GROCERY,5,35.8372,34.4352,2
BEIRUT,RAS BEIRUT,RAWCHE,Ramleh Mart,GROCERY,4,35.4833,33.8776,2
BEIRUT,MOUSAITBEH,MAR ELIAS,EM MOHAMAD MARKET,GROCERY,5,35.4886,33.886,2
BEIRUT,MOUSAITBEH,TALLET KHAYAT,FOODS & GOODS,GROCERY,6,35.4881,33.883,2
SOUTH,SAIDA,HARET SAIDA,Al Harat MM,GROCERY,5,35.3865,33.5593,2
SOUTH,SAIDA,RAHBAT,Al Alti,GROCERY,5,35.3728,33.5538,2
MOUNT LEBANON,JBEIL,NAHER IBRAHIM,DIV'S CAFÉ,Newelneh,5,35.6447,34.0724,2
BECAA,ZAHLE,Zahleh Rural,TONI FARAH,KIOSK,5,35.954,33.8643,2
MOUNT LEBANON,KESERWAN,ZOUK MICHAEL,SHOP RIGHT (ZOUK MICHAEL),Newelneh,5,35.6086,33.9713,2
NORTH,GREATER TRIPOLI,TRIPOLI CITY,AL JAMAL,GROCERY,5,35.8276,34.4457,2
BEIRUT,MAZRAA,TARIQ EL JDIDE,ABOU ALI MARKET,GROCERY,5,35.497,33.8748,2
NABATIEH,NABATIEH,NABATIYET EL FAOUQA,MOGHARBEL MM,GROCERY,5,35.4975,33.3616,2
BEIRUT,RMEIL,Mar Mkhael,HIBOU - Mar Mkhael,GROCERY,5,35.5216,33.8958,2
SOUTH,SAIDA,GHAZIYE,AL SAHA MM (GHAZIEH),GROCERY,5,35.369,33.5183,2
SOUTH,SAIDA,GHAZIYE,Souk MM,GROCERY,5,35.3625,33.5121,2
SOUTH,SAIDA,SARAY,AL SALAM AL TIJARIAH,GROCERY,4,35.378,33.5541,2
SOUTH,SAIDA,ABRA,AHMAD DARAZI,GROCERY,5,35.3988,33.5658,2
MOUNT LEBANON,METN,ZALKA,NEWELNEH (ZALKA),Newelneh,5,35.5723,33.9024,2
MOUNT LEBANON,BAABDA,HAZMIEH,Zen Fraicheur,GROCERY,6,35.5463,33.8525,2
NORTH,GREATER TRIPOLI,KALAMOUN,CAFÉ ABOU HUSSEIN,KIOSK,4,35.7967,34.3907,2
MOUNT LEBANON,METN,Douwar,Rahi MARKET,Newelneh,4,35.7004,33.9081,2
BEIRUT,MARFAA,MAJIDIYEH,MARKAZIEH SWEET,GROCERY,6,35.5048,33.8932,2
MOUNT LEBANON,JBEIL,BLAT,GMMAYEL MM,GROCERY,5,35.6621,34.1096,2
NORTH,GREATER TRIPOLI,TRIPOLI CITY,ABOU MACHHOUR (BOHSAS),GROCERY,5,35.83,34.4208,2
SOUTH,SAIDA,SHARHABIL,AL WAFER M.M,GROCERY,5,35.4004,33.5746,2
NORTH,KOURA,DAHR EL AIN,AL MASRI 2 (DAHR AL AIN),GROCERY,5,35.8462,34.391,2
NORTH,KOURA,RAS MASQA,BLUE MARKET,GROCERY,5,35.8273,34.4101,2
BEIRUT,MINA EL HOSN,KANTARI,HIBOU - HAMRA CLEMENCEAU,GROCERY,5,35.4911,33.8958,2
BECAA,ZAHLE,Zahleh Rural,HAJJAR MM,GROCERY,5,35.837,33.8155,2
BECAA,RACHAYA,DAHER EL AHMAR,FAREWAY,GROCERY,5,35.8274,33.5715,2
BECAA,BAALBECK,Shmistar,HADY MARKET,GROCERY,5,36.0335,33.9553,2
BECAA,ZAHLE,Zahleh Rural,SM.al.amir,GROCERY,5,36.0377,33.8601,2
BECAA,ZAHLE,Zahleh Rural,CHOKOR MM,GROCERY,5,35.9822,33.7783,2
BECAA,WEST BECAA,JEB JANNINE,bou aabed,GROCERY,4,35.7896,33.6275,2
SOUTH,TYR,Borj EL Shamali,AL HADY SM (BORJ CHMALI),GROCERY,5,35.232,33.25,2
MOUNT LEBANON,METN,MTAILEB,BREAK IN,Newelneh,4,35.6324,33.9255,2
MOUNT LEBANON,METN,RABIEH,SKIPPY,Newelneh,5,35.6241,33.9266,2
MOUNT LEBANON,BAABDA,HADATH,Mymoun AL HADATH,Newelneh,4,35.5282,33.8457,2
MOUNT LEBANON,SHOUF,JIYEH,Mimoun Express 1,KIOSK,4,35.4246,33.6839,2
MOUNT LEBANON,SHOUF,BARJA,MIMOUN EXPRESS 2,KIOSK,4,35.423,33.6556,2
MOUNT LEBANON,ALEY,KHALDE,MAYMOUN KHALDE,KIOSK,4,35.4727,33.777,2
MOUNT LEBANON,ALEY,KHALDE,FRESH FOODIES,GROCERY,5,35.4695,33.7732,2
MOUNT LEBANON,METN,JDEIDEH/BOUCHRIEH,ORDERISTA MART,GROCERY,6,35.5634,33.8931,2
MOUNT LEBANON,BAABDA,HAZMIEH,Ralph Asmar,GROCERY,6,35.5464,33.8521,2
MOUNT LEBANON,BAABDA,FURN EL CHEBBAK,FREE MARKET FURN EL CHEBAK,GROCERY,5,35.5217,33.8742,2
MOUNT LEBANON,METN,SIN EL FIL,SARRAF MARKET,GROCERY,5,35.5403,33.8683,2
NORTH,BATROUN,BATROUN CITY,DANNY MARKET,GROCERY,5,35.6664,34.2448,2
NORTH,KOURA,ANFEH,SEBA STATION,Petrol Station,5,35.7316,34.3531,2
MOUNT LEBANON,JBEIL,HALAT,EXPRESSO CAFÉ,Newelneh,5,35.6518,34.0861,2
MOUNT LEBANON,JBEIL,MASTITA,HAWAT MARKET,GROCERY,5,35.6683,34.1054,2
MOUNT LEBANON,BAABDA,BIR HASSAN,AL NA3OURA CAFÉ,GROCERY,5,35.4898,33.8624,2
MOUNT LEBANON,DAHYEH,BOURJ EL BARAJNEH,AL TAYEB AL BAN W AJBAN,GROCERY,6,35.513,33.8402,2
MOUNT LEBANON,ALEY,CHOUEIFAT,TIME CAFÉ TIGER,Newelneh,5,35.5133,33.8093,2
MOUNT LEBANON,DAHYEH,CHIYAH,HASHIM LILTAMWEEN,GROCERY,5,35.5132,33.8667,2
BEIRUT,MAZRAA,TARIQ EL JDIDE,PRINCE MARKET (Afif EL Tibi),GROCERY,5,35.4976,33.8766,2
SOUTH,TYR,TYR,CAFÉ NAJJAR,Newelneh,5,35.225,33.2863,2
NABATIEH,NABATIEH,Qsaybe,For all Market (youssef),GROCERY,5,35.4136,33.3394,2
NABATIEH,NABATIEH,Kfar jawz,NASSAR MM,GROCERY,6,35.4797,33.3955,2
SOUTH,SAIDA,HAY EL NJASA,AWAS M.M.,GROCERY,6,35.3734,33.5602,2
SOUTH,SAIDA,Taamir Saida,MAKHZAN EL WASSIM,GROCERY,5,35.3817,33.5487,2
SOUTH,SAIDA,Hlaliyeh,LABIB EL BSAT,GROCERY,5,35.3886,33.5645,2
BECAA,BAALBACK,Al Khodor,AL RIDA SM (KHODER),GROCERY,5,36.1384,33.9175,2
BECAA,RACHAYA,DAHER EL AHMAR,EYAD FEIEK,GROCERY,4,35.8288,33.5372,2
BECAA,RACHAYA,Masnaa,HAMMOUD MARKET (MASNA3),GROCERY,4,35.918,33.705,2
BECAA,BAALBACK,Bodai,IBRAHIM SEBLANI,GROCERY,5,36.0678,34.0759,2
BECAA,BAALBACK,Bodai,SHAMAS SM (BODAI),GROCERY,5,36.0667,34.0575,2
BECAA,ZAHLE,Zahleh Rural,MOUKBEL SM,GROCERY,4,35.9616,33.7901,2
BECAA,BAALBACK,Nabi Shit,KELLAS SM,GROCERY,5,36.0785,33.8797,2
BECAA,ZAHLE,Zahle City,NAWELNI (ZAHLE),Newelneh,4,35.9025,33.8456,2
NORTH,GREATER TRIPOLI,TRIPOLI CITY,CAFÉ BURGER KING,Newelneh,5,35.8278,34.4418,2
MOUNT LEBANON,METN,DORA,ASSAAD JABBOUR MARKET,GROCERY,5,35.5553,33.8936,2
MOUNT LEBANON,METN,JAL EL DIB,Break Inn,Newelneh,5,35.5842,33.908,2
MOUNT LEBANON,METN,BOLONIA,The Grocer,GROCERY,5,35.7484,33.9123,2
MOUNT LEBANON,METN,JAL EL DIB,NAWELNEH BAS,Newelneh,5,35.59,33.9068,2
MOUNT LEBANON,METN,ANTELIAS,COIN MARKET (ANTELIAS),GROCERY,4,35.5931,33.9126,2
MOUNT LEBANON,KESERWAN,GHAZIR & KFARHBAB,THE MARKIT,GROCERY,5,35.6509,34.0123,2
MOUNT LEBANON,BAABDA,HAZMIEH,SMOKER CENTER,SPECIALIST,4,35.5298,33.8606,2
BEIRUT,ACHRAFIEH,Sagesse,DAILY BASKET,GROCERY,5,35.5198,33.8913,2
BEIRUT,RAS BEIRUT,HAMRA,GRAB N GO - BLISS,Super Market,4,35.4836,33.8992,2
MOUNT LEBANON,METN,DEKWANEH,DONNE_MOI MARKET,Newelneh,5,35.551,33.8767,2
MOUNT LEBANON,ALEY,BCHEMOUN,EXPRESS BCHAMOUN,Newelneh,5,35.4939,33.7921,2
MOUNT LEBANON,BAABDA,BAABDA CITY,HERITAGE MART,GROCERY,4,35.5427,33.8314,2
MOUNT LEBANON,SHOUF,DEIR EL QAMAR,GHASSAN PS,Petrol Station,5,35.5574,33.6974,2
MOUNT LEBANON,ALEY,KHALDE,uncle zack,Newelneh,4,35.4685,33.771,2
MOUNT LEBANON,DAHYEH,SFEIR,MALAK SFEIR (ABOU HAYDAR),GROCERY,5,35.5214,33.852,2
BEIRUT,MARFAA,MAJIDIYEH,EMPRESSO ESPRESSO - ISSA FAWAZ,Newelneh,5,35.5053,33.8938,2
BECAA,BAALBACK,TARAYA,EL DAIAA,GROCERY,4,36.1392,33.9213,2
BEIRUT,ACHRAFIEH,RMEIL,BONJOUR - KARM EL ZAYTOUN,Petrol Station,5,35.529,33.8879,2
MOUNT LEBANON,DAHYEH,AMERCAN,EZZ EL DEEN SM,Super Market,3,35.5234,33.8526,2
NORTH,GREATER TRIPOLI,ABU SAMRA,AL TAYEB CAFÉ,KIOSK,4,35.8372,34.425,2
MOUNT LEBANON,JBEIL,JDAYEL,JEDDAIEL MARKET,GROCERY,5,35.6475,34.1638,2
MOUNT LEBANON,JBEIL,JBEIL CITY,ZIAD MALHAMI,Newelneh,5,35.6515,34.1192,2
MOUNT LEBANON,JBEIL,JBEIL CITY,ASSAF MM,GROCERY,5,35.6584,34.1248,2
BECAA,ZAHLE,Zahleh Rural,BEIT EL JOUD,GROCERY,5,35.8636,33.8178,2
BEIRUT,MOUSAITBEH,WATA EL MOUSAITBEH,EXPRESS BEIRUT,Newelneh,4,35.4869,33.8815,2
NORTH,GREATER TRIPOLI,ABU SAMRA,TAHECH (ABOU SAMRA),SPECIALIST,1,35.843,34.4292,2
NORTH,GREATER TRIPOLI,ABU SAMRA,MOUSA TOBACCO,SPECIALIST,4,35.8453,34.4238,2
BECAA,ZAHLE,Zahleh Rural,BAALBACKI,GROCERY,5,35.8241,33.7961,2
BEIRUT,MOUSAITBEH,YAZBIK,ALI YASSINE,SPECIALIST,4,35.4948,33.8818,2
MOUNT LEBANON,BAABDA,BAABDA CITY,Best Of mm,GROCERY,5,35.5391,33.8389,2
MOUNT LEBANON,SHOUF,BOQAATA,Zaeem mm,GROCERY,4,35.601,33.6684,2
MOUNT LEBANON,ALEY,KHALDE,Hyper Market Diwan,Super Market,5,35.4853,33.7974,2
MOUNT LEBANON,ALEY,KHALDE,express el ma7abe,KIOSK,5,35.480581,33.7899586,2
MOUNT LEBANON,KESERWAN,QLEIAAT,Karam Market,GROCERY,6,35.6996,33.9624,2
MOUNT LEBANON,KESERWAN,QLEIAAT,Mark's shop,Newelneh,6,35.7046,33.9774,2
MOUNT LEBANON,METN,Hemlaya,Stop Here,GROCERY,6,35.7127,33.9505,2
MOUNT LEBANON,METN,Hemlaya,Abou Chebel,GROCERY,6,35.7132,33.9475,2
MOUNT LEBANON,METN,Hemlaya,MM Nawelneh,Newelneh,6,35.7061,33.9308,2
MOUNT LEBANON,METN,Hemlaya,Hemlaya SM (Municipality),GROCERY,6,35.7085,33.9357,2
MOUNT LEBANON,METN,Hemlaya,Deli Shop,GROCERY,6,35.7074,33.9329,2
MOUNT LEBANON,METN,Hemlaya,Delivery Market,GROCERY,6,35.7069,33.9321,2
MOUNT LEBANON,METN,Hemlaya,Jemmayel Market,GROCERY,6,35.7072,33.9255,2
MOUNT LEBANON,METN,Hemlaya,Domit Market,GROCERY,6,35.7065,33.9245,2
MOUNT LEBANON,METN,Hemlaya,Hemlaya Market (Near Total),GROCERY,6,35.7019,33.9201,2
MOUNT LEBANON,KESERWAN,GHAZIR & KFARHBAB,Trini Mart Kfarhbab,GROCERY,6,35.653,34.01,2
NORTH,GREATER TRIPOLI,TRIPOLI CITY,Chafchak 200,SPECIALIST,1,35.8387,34.4414,2
MOUNT LEBANON,METN,AWKAR,Coin Market Awkar,GROCERY,4,35.5938,33.932,2
MOUNT LEBANON,METN,AWKAR,Mike Shop,Newelneh,5,35.6061,33.9356,2
NABATIEH,BENT JBEIL,TEBNINE,Al Amin,GROCERY,5,35.4104,33.1922,2
MOUNT LEBANON,METN,AWKAR,Home Shop Market,GROCERY,6,35.6116,33.9359,2
BEIRUT,RAS BEIRUT,HAMRA,Address,GROCERY,4,35.4784,33.8964,2
MOUNT LEBANON,METN,AWKAR,Mounir El Hajj Store,GROCERY,5,35.592,33.944,2
MOUNT LEBANON,KESERWAN,AAQEIBE,Liqir Market,GROCERY,5,35.6409,34.0554,2
MOUNT LEBANON,KESERWAN,AAQEIBE,Peter Market,GROCERY,5,35.6434,34.058,2
MOUNT LEBANON,DAHYEH,JAMOUS,Hamdan (Jamous),GROCERY,5,35.5215,33.8453,2
MOUNT LEBANON,METN,MANSOURIEH,Take & Go,Newelneh,4,35.5558,33.86,2
BECAA,ZAHLE,Zahleh Rural,Mazar,GROCERY,5,36.0773,33.8792,2
BECAA,BAALBECK,DEIR EL AHMAR,Harf Market,GROCERY,5,36.1257,34.089,2
BECAA,ZAHLE,Zahle City,Your Market,GROCERY,5,35.8949,33.8262,2
BECAA,BAALBACK,Al Khodor,Al Khodar Market,GROCERY,5,36.1228,33.9045,2
BECAA,ZAHLE,Zahleh Rural,Saliba Market,GROCERY,5,36.006,33.8519,2
BEIRUT,ACHRAFIEH,RMEIL,Wij El Sahhara,GROCERY,4,35.5256,33.8946,2
NORTH,GREATER TRIPOLI,KALAMOUN,Rafii Café,KIOSK,5,35.7993,34.3925,2
BECAA,ZAHLE,Zahleh Rural,Fadi's Market,GROCERY,5,35.8376,33.8167,2
BECAA,BAALBACK,HALANIYE,Rawad SM,GROCERY,5,36.0186,33.8722,2
MOUNT LEBANON,METN,DORA,QUICK PICK MARKET,Newelneh,5,35.5556,33.8948,2
MOUNT LEBANON,METN,Dhour EL Choueir,Khneiser MM,GROCERY,6,35.7094,33.9128,2
MOUNT LEBANON,METN,BSALIM/ MAJZOUB/ MZHER,Bsalim Drive-Thru,Newelneh,5,35.6083,33.8985,2
MOUNT LEBANON,METN,BOURJ HAMMOUD,Bedo MM,GROCERY,6,35.5406,33.8929,2
MOUNT LEBANON,METN,BEKFAYA,3al Tarik Newilne(Seha),Newelneh,4,35.6723,33.9182,2
MOUNT LEBANON,ALEY,ALEY,shads mart,GROCERY,5,35.6045,33.8062,2
BECAA,Zahleh,MAJDEL AANJAR,Zain SM,GROCERY,3,35.9158,33.7404,2
SOUTH,TYR,SIDIKIN,Abou Ahmad,GROCERY,5,35.3058,33.188,2
BEIRUT,RAS BEIRUT,HAMRA,7 Days,GROCERY,4,35.4815,33.8977,2
BEIRUT,RAS BEIRUT,HAMRA,AL SAYIGH CAFE,Newelneh,5,35.4761,33.8939,2
MOUNT LEBANON,BAABDA,JAMMHOUR,Mini Mart drug store,GROCERY,4,35.5518,33.8491,2
MOUNT LEBANON,KESERWAN,GHAZIR & KFARHBAB,Ghazir Market,GROCERY,5,35.6637,34.0169,2
MOUNT LEBANON,DAHYEH,JAMOUS,Café Al Soultan Jammous,Newelneh,5,35.5206,33.846,2
MOUNT LEBANON,METN,BEIT EL CHAAR,Maria Market,GROCERY,5,35.6202,33.9264,2
MOUNT LEBANON,METN,DEKWANEH,Nader Haddad,SPECIALIST,2,35.5601,33.8785,2
MOUNT LEBANON,KESERWAN,GHAZIR & KFARHBAB,Top Market,Newelneh,4,35.6474,34.0136,2
MOUNT LEBANON,KESERWAN,GHAZIR & KFARHBAB,Toy Market,Newelneh,4,35.6495,34.0101,2
NORTH,GREATER TRIPOLI,ABU SAMRA,Golden Jamal,GROCERY,5,35.8446,34.4189,2
NORTH,GREATER TRIPOLI,TRIPOLI CITY,Stop & Shop (Mina),GROCERY,5,35.8154,34.4488,2
MOUNT LEBANON,KESERWAN,KASLIK,Adam Market,GROCERY,6,35.6186,33.981,2
MOUNT LEBANON,KESERWAN,KASLIK,Elia Market,GROCERY,6,35.6227,33.9814,2
MOUNT LEBANON,KESERWAN,KASLIK,Banayot,GROCERY,6,35.6228,33.9813,2
MOUNT LEBANON,KESERWAN,ZOUK MICHAEL,Bahrieh Market,Newelneh,5,35.6125,33.9764,2
MOUNT LEBANON,KESERWAN,ZOUK MICHAEL,Star Market,GROCERY,5,35.612,33.9766,2
MOUNT LEBANON,KESERWAN,ZOUK MICHAEL,Fresh & Easy Market,GROCERY,5,35.6114,33.9764,2
NABATIEH,NABATIEH,DWEIR,EL Berjawi,GROCERY,5,35.4287,33.389,2
NABATIEH,NABATIEH,NABATIYET EL FAOUQA,Yara SM,GROCERY,5,35.5042,33.3523,2
NABATIEH,NABATIEH,STREET AL WARDAT,aldweir m.m,GROCERY,6,35.4099,33.3909,2
MOUNT LEBANON,METN,MTAILEB,Mixx Market,Newelneh,5,35.6263,33.9279,2
MOUNT LEBANON,METN,Bourj Hamoud,Pick & Roll,Newelneh,5,35.5452,33.8949,2
MOUNT LEBANON,DAHYEH,TIRO,Café Al Shajrat,Newelneh,6,35.5067,33.8112,2
MOUNT LEBANON,DAHYEH,HARET HREIK,Hanin Café,GROCERY,5,35.5035,33.8561,2
MOUNT LEBANON,DAHYEH,LAYLAKI,Alban W Ajban Al Safi,GROCERY,6,35.5156,33.8296,2
MOUNT LEBANON,METN,ROUMIE,BONJOUR - Roumieh,Petrol Station,5,35.5881,33.8803,2
NORTH,GREATER TRIPOLI,KALAMOUN,3abelak Café,Newelneh,4,35.7999,34.3929,2
NORTH,GREATER TRIPOLI,TRIPOLI CITY,Al Rabieh market,GROCERY,5,35.8305,34.4436,2
NORTH,ZGHARTA,AALMA,Golden Jamal,GROCERY,5,35.8969,34.4206,2
NORTH,GREATER TRIPOLI,TRIPOLI CITY,Nechebeh tobacco,SPECIALIST,4,35.8318,34.4449,2
NORTH,BATROUN,BATROUN CITY,Younis Market,GROCERY,5,35.6601,34.2541,2
MOUNT LEBANON,KESERWAN,SAFRA,Take N Drive,Newelneh,5,35.6308,34.0325,2
MOUNT LEBANON,KESERWAN,FAITROUN,George Youssef Braidi,GROCERY,5,35.7293,33.9898,2
MOUNT LEBANON,KESERWAN,FAITROUN,SalimAbiRachid,GROCERY,6,35.7285,33.9882,2
MOUNT LEBANON,KESERWAN,FAITROUN,Faytroun mm,GROCERY,6,35.7253,33.988,2
MOUNT LEBANON,KESERWAN,FAITROUN,Kassis Market,GROCERY,5,35.7277,33.9879,2
MOUNT LEBANON,KESERWAN,FAITROUN,Al Qaaie Market,GROCERY,6,35.7254,33.9881,2
MOUNT LEBANON,KESERWAN,ZOUK MOSBEH,Mema Geita,GROCERY,5,35.6197,33.9517,2
MOUNT LEBANON,METN,AWKAR,Quick Basket,GROCERY,5,35.6125,33.9307,2
MOUNT LEBANON,KESERWAN,ZOUK MOSBEH,peter's mart,GROCERY,5,35.6121,33.9554,2
MOUNT LEBANON,METN,AWKAR,Malhamt Al Aaelat,GROCERY,5,35.6094,33.9344,2
MOUNT LEBANON,ALEY,AYTAT,Anwar mm,GROCERY,4,35.5692,33.796,2
MOUNT LEBANON,JBEIL,MASTITA,Ramia Market,GROCERY,5,35.6644,34.1061,2
SOUTH,TYR,JOUIAYA,Al Lakis,GROCERY,5,35.3433,33.2309,2
BEIRUT,RMEIL,MAR MICHAEL,KK Market,GROCERY,5,35.5322,33.8965,2
MOUNT LEBANON,METN,ZALKA,Bachaalani (Zalka),GROCERY,5,35.5753,33.9025,2
MOUNT LEBANON,KESERWAN,KASLIK,twenty four,Newelneh,5,35.6138,33.9767,2
MOUNT LEBANON,KESERWAN,SARBA,Diks Nut,Newelneh,4,35.6262,33.9781,2
MOUNT LEBANON,SHOUF,DEIR EL QAMAR,Express 3ala el sari3,Newelneh,6,35.5613,33.6978,2
MOUNT LEBANON,BAABDA,JAMMHOUR,3ala el barake,Newelneh,4,35.5839,33.8311,2
MOUNT LEBANON,JBEIL,JBEIL CITY,Darwish Market,GROCERY,5,35.649,34.1224,2
NORTH,KOURA,KOUSBA,Go Fresh,GROCERY,5,35.8522,34.3053,2
MOUNT LEBANON,METN,JDEIDEH/BOUCHRIEH,Mourad market,GROCERY,6,35.5676,33.8938,2
BEIRUT,MOUSAITBEH,MAR ELIAS,Takssim Mar Elias,GROCERY,6,35.4917,33.8831,2
BEIRUT,RAS BEIRUT,HAMRA,A305 (Bliss),GROCERY,4,35.4786,33.8988,2
BEIRUT,MAZRAA,TARIQ EL JDIDE,3a Tarai2ak (TJ),GROCERY,5,35.4996,33.8719,2
BEIRUT,ZOUKAK BLAT,PATRIARCAT,3a Tarai2ak (ZB),GROCERY,5,35.4992,33.8925,2
BEIRUT,RAS BEIRUT,HAMRA,Rasha Market Hamra,GROCERY,5,35.4867,33.8967,2
BEIRUT,MOUSAITBEH,MAR ELIAS,Pump and Munch,GROCERY,4,35.4905,33.8887,2
BECAA,ZAHLE,Zahleh Rural,Hammoudi Maksi,GROCERY,5,35.8316,33.8127,2
NORTH,GREATER TRIPOLI,TRIPOLI CITY,City cafe,GROCERY,5,35.8326,34.442,2
NORTH,GREATER TRIPOLI,KOBBEH,Golden Jamal Qoubeh,GROCERY,5,35.8586,34.4338,2
NORTH,GREATER TRIPOLI,MINA,Aamoudi Tobacco,SPECIALIST,4,35.8122,34.4501,2
MOUNT LEBANON,METN,NACCACHE,Jerom,GROCERY,5,35.6003,33.9298,2
MOUNT LEBANON,METN,ZALKA,Dagher,GROCERY,5,35.5676,33.8977,2
MOUNT LEBANON,METN,BIKFAYA,3a Tari2ak Newelne 2,Newelneh,5,35.6897,33.9192,2
BEIRUT,ACHRAFIEH,RMEIL,Baroud Market,GROCERY,5,35.5248,33.8946,2
MOUNT LEBANON,KESERWAN,QLEIAAT,The MARKET,GROCERY,6,35.7051,33.9774,2
NORTH,KOURA,AAFSDIQ,Seven Eleven,GROCERY,5,35.7904,34.3303,2
MOUNT LEBANON,METN,BHERSAF,Food & More,GROCERY,5,35.6574,33.9019,2
NORTH,GREATER TRIPOLI,ABU SAMRA,Arghilet El Mereahbi,SPECIALIST,4,35.8409,34.422,2
BEIRUT,RAS BEIRUT,HAMRA,Streets,GROCERY,5,35.4841,33.8976,2
MOUNT LEBANON,KESERWAN,JAAITA,Carrefour (Zouk),Super Market,4,35.6216,33.951,2
MOUNT LEBANON,KESERWAN,FARAIYA,GRAB N GO - FARAYA MZAR,GROCERY,6,35.8346,33.9942,2
MOUNT LEBANON,METN,AATCHANE,Atchaneh MM,GROCERY,6,35.6548,33.9146,2
MOUNT LEBANON,METN,DORA,Abi Ramia Carrefour,SPECIALIST,4,35.5655,33.897,2
MOUNT LEBANON,METN,BOURJ HAMMOUD,Newelne (Nahr),Newelneh,5,35.536,33.8961,2
SOUTH,TYR,AIN BAAL,Baalbacki,GROCERY,5,35.2651,33.2278,2
SOUTH,TYR,ZRARIYI,Mrouweh MM,GROCERY,5,35.3507,33.3355,2
MOUNT LEBANON,DAHYEH,HAY AL SOLOUM,Al Day3a,GROCERY,6,35.5171,33.8303,2
NORTH,KOURA,KOUSBA,Carrefour (Kousba),Super Market,4,35.8527,34.3037,2
NORTH,KOURA,BECHMEZZINE,Nimer Station,Petrol Station,5,35.8036,34.3225,2
BEIRUT,MAZRAA,BADARO,GRAB N GO - Badaro,GROCERY,5,35.516,33.8779,2
MOUNT LEBANON,METN,BAABDAT,ROAD kiosk,Newelneh,5,35.665,33.8894,2
MOUNT LEBANON,DAHYEH,BOURJ EL BARAJNEH,Bourj Tawfeer Market,GROCERY,5,35.5064,33.8433,2
NORTH,GREATER TRIPOLI,TRIPOLI CITY,Mo2men Al Ali,SPECIALIST,4,35.8414,34.4415,2
BEIRUT,MOUSAITBEH,Karakol EL druze,3and l Doctor,GROCERY,4,35.4869,33.8904,2
BEIRUT,RAS BEIRUT,HAMRA,Sadat Café,Newelneh,5,35.477,33.8952,2
BEIRUT,MOUSAITBEH,MOUSAITBEH,MIKKI Market,GROCERY,5,35.4986,33.8866,2
BEIRUT,ACHRAFIEH,SASSINE,Richard Saba,Newelneh,5,35.5206,33.8876,2
BECAA,WEST BECAA,SAGHBINE,Asis Center Saghbin,GROCERY,5,35.729,33.6419,2
MOUNT LEBANON,SHOUF,RMEILET,liqir,GROCERY,4,35.3926,33.6063,2
NABATIEH,BENT JBEIL,TEBNINE,Mohamad Afif,SPECIALIST,4,35.4113,33.2044,2
MOUNT LEBANON,METN,ZALKA,Pick & Roll,Newelneh,4,35.5697,33.9005,2
BEIRUT,RAS BEIRUT,HAMRA,HIBOU - Sadat,GROCERY,4,35.4772,33.8938,2
MOUNT LEBANON,METN,BOURJ HAMMOUD,Linzi,GROCERY,6,35.5449,33.8921,2
MOUNT LEBANON,DAHYEH,HARET HREIK,One Market,GROCERY,5,35.5147,33.8559,2
MOUNT LEBANON,BAABDA,BIR HASSAN,Judy Café,Newelneh,5,35.493,33.8551,2
BEIRUT,RAS BEIRUT,HAMRA,MVP Mart,GROCERY,5,35.485,33.8957,2
BEIRUT,MINA EL HOSN,KANTARI,Insomnia,GROCERY,5,35.4916,33.898,2
MOUNT LEBANON,SHOUF,DMIT,Roudi nasr Sm,GROCERY,4,35.5123,33.6898,2
MOUNT LEBANON,SHOUF,NEAHME,coffe el sultan,KIOSK,4,35.446,33.7063,2
MOUNT LEBANON,ALEY,DAWHAT AARAMOUN,Al Mouhandis,GROCERY,4,35.4872,33.787,2
MOUNT LEBANON,BAABDA,HADATH,saifo caffe,Newelneh,5,35.5273,33.8313,2
MOUNT LEBANON,SHOUF,NEAHME,ali kova,KIOSK,5,35.451,33.713,2
MOUNT LEBANON,BAABDA,HADATH,Abou Rabih,Newelneh,5,35.5347,33.8489,2
MOUNT LEBANON,SHOUF,DEIR EL QAMAR,Al Basha,GROCERY,5,35.5561,33.6961,2
MOUNT LEBANON,BAABDA,BAABDA CITY,Yarzeh,GROCERY,5,35.5511,33.8392,2
SOUTH,TYR,ABASIYEH,Al Aaeilat,GROCERY,6,35.2296,33.2858,2
MOUNT LEBANON,METN,NACCACHE,The Grocery Store,GROCERY,6,35.6002,33.93,2
MOUNT LEBANON,METN,JAL EL DIB,Merci Market,GROCERY,5,35.581,33.9079,2
MOUNT LEBANON,DAHYEH,CHIYAH,AL Dai3a (Cheyah),GROCERY,5,35.5173,33.8587,2
MOUNT LEBANON,DAHYEH,TAHWITA AL GHADEER,Siblini aboumalek,GROCERY,5,35.5091,33.8324,2
MOUNT LEBANON,METN,DEKWANEH,Smoking,SPECIALIST,3,35.5433,33.8796,2
NORTH,GREATER TRIPOLI,MINA,Aya Café,GROCERY,5,35.814,34.4497,2
MOUNT LEBANON,METN,BOLONIA,Drive Thru Express,Newelneh,5,35.7199,33.9044,2
MOUNT LEBANON,METN,BOLONIA,Isterahit Nour,Newelneh,5,35.7214,33.9048,2
MOUNT LEBANON,SHOUF,BAAQLINE,Friends,GROCERY,5,35.5621,33.6762,2
MOUNT LEBANON,METN,SIN EL FIL,Small Mall,GROCERY,5,35.5414,33.873,2
MOUNT LEBANON,METN,FANAR,M.J. Youssef,Newelneh,5,35.5626,33.8872,2
MOUNT LEBANON,METN,FANAR,Jean Youssef,Newelneh,5,35.5625,33.8872,2
MOUNT LEBANON,METN,DEKWANEH,Al Hayek Market,GROCERY,6,35.5461,33.8745,2
NORTH,GREATER TRIPOLI,TRIPOLI CITY,Zakharia mm,GROCERY,5,35.8298,34.4194,2
NORTH,GREATER TRIPOLI,TRIPOLI CITY,Lynn Market,GROCERY,5,35.8281,34.4429,2
NORTH,GREATER TRIPOLI,MINA,Boustani Tobacco,SPECIALIST,2,35.8142,34.4496,2
NORTH,ZGHARTA,AALMA,Mohamad Khoder sm,GROCERY,5,35.8898,34.4225,2
MOUNT LEBANON,METN,Dhour EL Choueir,3a Tare2ak Nawelne (Dhour),Newelneh,5,35.7126,33.9069,2
MOUNT LEBANON,METN,BIAQOUT,Next 2 U,GROCERY,5,35.5887,33.9009,2
BEIRUT,RMEIL,AL HIKMAT,Aazam Market,GROCERY,5,35.5227,33.8912,2
NORTH,BATROUN,CHEKKA,Salem Café,Newelneh,5,35.7232,34.3103,2
NORTH,KOURA,QALHAT,Jhon Yaakoub,GROCERY,4,35.7827,34.3551,2
MOUNT LEBANON,ALEY,BCHEMOUN,Carrefour (Bchamoun),Super Market,4,35.4924,33.7945,2
MOUNT LEBANON,ALEY,KHALDE,snooze,Newelneh,4,35.4809,33.7905,2
MOUNT LEBANON,BAABDA,HADATH,Drinks Shop Hadath,Newelneh,4,35.5272,33.8317,2
MOUNT LEBANON,DAHYEH,Ozai,Soultan Café Ozai,Newelneh,5,35.4851,33.8443,2
MOUNT LEBANON,BAABDA,BIR HASSAN,Soultan Café 3amlieh,Newelneh,5,35.4967,33.8494,2
MOUNT LEBANON,BAABDA,FURN EL CHEBBAK,Foody's Mart,Newelneh,5,35.5195,33.8769,2
MOUNT LEBANON,KESERWAN,ZOUK MICHAEL,Way Market,Newelneh,5,35.6084,33.9693,2
MOUNT LEBANON,KESERWAN,MAAMELTEEN,Zouzo Market,GROCERY,5,35.6379613,33.989028,2
MOUNT LEBANON,DAHYEH,LAYLAKI,Mohamad Market,GROCERY,5,35.5126,33.8362,2
NABATIEH,BENT JBEIL,YATER,Al Aabed MM (Bshir),GROCERY,5,35.3396342,33.1696945,2
BEIRUT,RAS BEIRUT,HAMRA,Ayoub Café (Hamra),Newelneh,5,35.4838,33.894,2
BEIRUT,RAS BEIRUT,KRAITEM,Tabesh Station,Newelneh,5,35.4806,33.8888,2
BEIRUT,RAS BEIRUT,Rawshe,Labban Café,Newelneh,6,35.4729,33.894,2
MOUNT LEBANON,BAABDA,GHOUBAIRI,Al Zein,GROCERY,5,35.5117,33.863,2
BEIRUT,ACHRAFIEH,SASSINE,HIBOU - Saideh,GROCERY,4,35.5232,33.8878,2
MOUNT LEBANON,METN,BEIT EL KEKKO,Hookah & More,Newelneh,5,35.6361,33.9266,2
MOUNT LEBANON,METN,DORA,Carrefour (City Mall),Super Market,5,35.5653,33.8969,2
SOUTH,TYR,ZRARIYI,Mini mall zrariyi,GROCERY,5,35.3294,33.344,2
MOUNT LEBANON,ALEY,ALEY,Aley MM,GROCERY,4,35.6082,33.812,2
MOUNT LEBANON,SHOUF,SAADIAT,sm dunia,GROCERY,5,35.428,33.6892,2
MOUNT LEBANON,KESERWAN,ZOUK MOSBEH,Coffee Maker NDU,Newelneh,5,35.6182,33.9525,2
MOUNT LEBANON,METN,AWKAR,Veggie Garden,GROCERY,6,35.6073,33.9345,2
MOUNT LEBANON,KESERWAN,ZOUK MOSBEH,Mart Uncle,Newelneh,5,35.6062,33.9563,2
MOUNT LEBANON,KESERWAN,HARET SAKHER,Henry Market (Harisa Road),GROCERY,5,35.644,33.9895,2
MOUNT LEBANON,KESERWAN,MAAMELTEEN,Halabi Market (Maameltain),GROCERY,5,35.6453,34.006,2
SOUTH,TYR,MAARAKE,Al Saha SM,GROCERY,5,35.3091,33.2731,2
SOUTH,TYR,BORJ QALAOUIYE,Panda Market (Ghandourieh),GROCERY,6,35.4285,33.2693,2
NORTH,BATROUN,CHEKKA,Le Grand Marche,GROCERY,5,35.7262418,34.319333,2
NORTH,KOURA,KOURA RURAL,Al Ghazal Market,GROCERY,5,35.8004389,34.369139,2
NORTH,ZGHARTA,KFAR HATA,Nawal Shbat,GROCERY,5,35.8742091,34.3535737,2
NORTH,ZGHARTA,Bnashai,Pano Market,GROCERY,5,35.8832813,34.3377646,2
NORTH,ZGHARTA,ZGHARTA ZEWYEH,The Super market,GROCERY,5,35.8997114,34.388458,2
MOUNT LEBANON,ALEY,KHALDE,mayyil market,GROCERY,5,35.4813,33.7915,2
MOUNT LEBANON,ALEY,KHALDE,cigar and more,GROCERY,5,35.4820081,33.7924009,2
MOUNT LEBANON,ALEY,DEIR QOUBEL,mini market ramzi,GROCERY,5,35.5132,33.7953,2
NABATIEH,NABATIEH,NABATIYET EL FAOUQA,Al Moukhtar Liltamween,GROCERY,6,35.501,33.3553,2
MOUNT LEBANON,METN,ANTELIAS,Kiosk Lana Jal El Dib,KIOSK,5,35.5865,33.9137,2
MOUNT LEBANON,METN,Dhour EL Choueir,Zoughaib mm,GROCERY,6,35.7095944,33.9128435,2
MOUNT LEBANON,DAHYEH,BOURJ EL BARAJNEH,Welcome Café,Newelneh,5,35.4968,33.8342,2
MOUNT LEBANON,DAHYEH,BOURJ EL BARAJNEH,Al Hajj Café,Newelneh,5,35.4965,33.8344,2
MOUNT LEBANON,DAHYEH,BOURJ EL BARAJNEH,Ihab Café,Newelneh,5,35.5016,33.8329,2
MOUNT LEBANON,DAHYEH,HARET HREIK,HALA MARKET,GROCERY,6,35.5194,33.8486,2
MOUNT LEBANON,DAHYEH,AL AJNIHA,Nasreldeen 2,GROCERY,5,35.5159,33.8219,2
NORTH,GREATER TRIPOLI,MINA,Mini Trolley,GROCERY,5,35.8222,34.4447,2
NORTH,GREATER TRIPOLI,TRIPOLI CITY,king Market,GROCERY,5,35.8291,34.4443,2
MOUNT LEBANON,METN,MANSOURIEH,Hanna Market,GROCERY,6,35.5745,33.8542,2
MOUNT LEBANON,METN,SIN EL FIL,Sin El Fil Market,GROCERY,5,35.5376,33.8812,2
BECAA,RACHAYA,Rachaya,HM Rachaya,GROCERY,5,35.8335,33.5245,2
BECAA,RACHAYA,Rachaya,Roro Drink,GROCERY,4,35.8326,33.5304,2
BEIRUT,RAS BEIRUT,HAMRA,Cheers & Olives (Hamara),GROCERY,4,35.4856,33.8968,2
BEIRUT,RAS BEIRUT,VERDUN,Olivias,GROCERY,6,35.484,33.888,2
MOUNT LEBANON,METN,AWKAR,Food Land Market,GROCERY,6,35.6122706,33.9400421,2
MOUNT LEBANON,METN,AWKAR,Chahoud Market,GROCERY,6,35.599381,33.9448989,2
MOUNT LEBANON,KESERWAN,ADONIS,Mini Box Market,GROCERY,6,35.6149312,33.9624186,2
MOUNT LEBANON,KESERWAN,ADONIS,King Market,GROCERY,6,35.6176351,33.9633203,2
MOUNT LEBANON,KESERWAN,ADONIS,Roastery Adonis,GROCERY,6,35.6175436,33.9631921,2
MOUNT LEBANON,KESERWAN,ZOUK MOSBEH,Obaid Market,Newelneh,5,35.6080556,33.9560254,2
MOUNT LEBANON,KESERWAN,ADONIS,Daily Market,GROCERY,6,35.6168887,33.9587223,2
MOUNT LEBANON,KESERWAN,AACHQOUT,Re-Shop,GROCERY,6,35.7028335,33.9815659,2
MOUNT LEBANON,DAHYEH,HARET HREIK,Café Sah Sah (Hadi HW),Newelneh,5,35.5157048,33.8499038,2
BEIRUT,MOUSAITBEH,TALLET KHAYAT,ANY TIME MARKET,GROCERY,5,35.4869633,33.8889952,2
BEIRUT,RAS BEIRUT,HAMRA,Maro Plus,GROCERY,5,35.4776147,33.8962782,2
BEIRUT,RAS BEIRUT,Rawshe,Café Abou Saleh,GROCERY,5,35.4730566,33.8883918,2
MOUNT LEBANON,METN,BOURJ HAMMOUD,Abajour,GROCERY,5,35.5383012,33.8941248,2
MOUNT LEBANON,METN,MANSOURIEH,Samaha Market,GROCERY,6,35.5758718,33.8489982,2
MOUNT LEBANON,BAABDA,AIN EL ROUMENEH,Safi Roastery,GROCERY,5,35.5229211,33.8699443,2
MOUNT LEBANON,BAABDA,FURN EL CHEBBAK,Celine Market,GROCERY,6,35.5230652,33.8709139,2
MOUNT LEBANON,BAABDA,HAZMIEH,Café & More,KIOSK,5,35.5287843,33.8608232,2
BECAA,Zahleh,Zahleh,city market zahle,GROCERY,5,35.9155511,33.833608,2
NORTH,GREATER TRIPOLI,MINA,Nashabeh Kiosk,KIOSK,5,35.8166611,34.4516311,2
SOUTH,TYR,MAAROUB,Al Hadi (Maaroub),GROCERY,5,35.3463486,33.2818604,2
SOUTH,TYR,ABASIYEH,Housaini MM,GROCERY,6,35.2754703,33.2976356,2
SOUTH,TYR,AIN BAAL,Al Raai MM,GROCERY,5,35.2647274,33.2328178,2
MOUNT LEBANON,BAABDA,JAMMHOUR,welcome Z,Newelneh,5,35.570776,33.8299226,2
MOUNT LEBANON,SHOUF,BAAQLINE,Rose,GROCERY,5,35.5583861,33.6785482,2
MOUNT LEBANON,ALEY,BAISOUR,liquides,GROCERY,5,35.5609495,33.7720563,2
MOUNT LEBANON,BAABDA,KFARCHIMA,charcuterie fromagerie,GROCERY,5,35.5345737,33.82273,2
MOUNT LEBANON,KESERWAN,ZOUK MOSBEH,Mr. Puff,SPECIALIST,4,35.6093255,33.9558541,2
MOUNT LEBANON,ALEY,AIN ONOUB,Mousharafieh,GROCERY,4,35.5468342,33.7929588,2
MOUNT LEBANON,BAABDA,JAMMHOUR,3al Yamin,GROCERY,5,35.5637177,33.8363995,2
MOUNT LEBANON,ALEY,CHOUEIFAT,Brand Café,Newelneh,6,35.506905,33.8049215,2
MOUNT LEBANON,ALEY,CHOUEIFAT,Jadov Café,Newelneh,5,35.500711,33.8056008,2
NORTH,GREATER TRIPOLI,TRIPOLI CITY,City Food,GROCERY,5,35.8283358,34.4460453,2
NORTH,KOURA,DAHR EL AIN,Waffer Market,GROCERY,5,35.8468037,34.3766261,2
NORTH,KOURA,DAHR EL AIN,Abou Al Ward Café,Newelneh,5,35.8464462,34.390741,2
NORTH,GREATER TRIPOLI,TRIPOLI CITY,Tayba Café,Newelneh,5,35.836046,34.439932,2
NORTH,GREATER TRIPOLI,TRIPOLI CITY,Shahed mm,GROCERY,5,35.8438068,34.4431391,2
NORTH,GREATER TRIPOLI,TRIPOLI CITY,El Rabih Café,Newelneh,5,35.8355449,34.4353025,2
BEIRUT,RAS BEIRUT,AIN MREISSEH,Exclance Café,Newelneh,5,35.4928057,33.8997022,2
MOUNT LEBANON,METN,ANTELIAS,Mayel,Newelneh,4,35.5813173,33.9122763,2
MOUNT LEBANON,METN,NACCACHE,Go Mart,Newelneh,5,35.5901508,33.918427,2
NORTH,GREATER TRIPOLI,MINA,Helo W Maleh,GROCERY,5,35.8128141,34.4501116,2
NORTH,GREATER TRIPOLI,KALAMOUN,Khaial Café,Newelneh,5,35.7783446,34.3812107,2
NORTH,GREATER TRIPOLI,KOBBEH,Al Amana,GROCERY,5,35.852792,34.431305,2
NORTH,GREATER TRIPOLI,TRIPOLI CITY,Abo Sami Al Masri,GROCERY,5,35.8360854,34.438274,2
BEIRUT,RAS BEIRUT,VERDUN,Denawi Station,Newelneh,4,35.4878383,33.8908963,2
MOUNT LEBANON,ALEY,KHALDE,shadi store,Newelneh,4,35.4683522,33.770839,2
MOUNT LEBANON,SHOUF,DAMOUR,Blended Damour,GROCERY,5,35.45271,33.726095,2
MOUNT LEBANON,ALEY,DAWHAT AARAMOUN,Karim SM,GROCERY,4,35.4938641,33.7789899,2
MOUNT LEBANON,METN,DEKWANEH,Al Tawil,Newelneh,5,35.5426295,33.8785667,2
BECAA,BAALBACK,TARAYA,Nour Market,GROCERY,5,36.024949,33.9770353,2
BECAA,ZAHLE,Zahleh Rural,Pit Stop,GROCERY,4,35.8253762,33.7986285,2
BECAA,BAALBACK,Al Khodor,Bilal Al Khodor,GROCERY,4,36.1198462,33.9029702,2
BECAA,ZAHLE,Zahleh Rural,Lamis Market,GROCERY,5,35.9520545,33.8631956,2
SOUTH,TYR,HAWSH,Smart Market (Tyr),GROCERY,5,35.2315908,33.2475848,2
MOUNT LEBANON,DAHYEH,SFEIR,Maymoun (Sfeir),Newelneh,5,35.5216603,33.8510211,2
MOUNT LEBANON,DAHYEH,BOURJ EL BARAJNEH,Al Zaeem SM,GROCERY,5,35.5018611,33.8368838,2
MOUNT LEBANON,METN,BROUMANA,Road RUNNER By Isam,GROCERY,5,35.6390825,33.885412,2
MOUNT LEBANON,KESERWAN,KASLIK,Karim Market,Newelneh,5,35.6168915,33.9819065,2
MOUNT LEBANON,KESERWAN,ADONIS,Dory abdallah,GROCERY,5,35.6168737,33.9632313,2
SOUTH,TYR,SRIFA,Wadi Al Zaytoun,GROCERY,5,35.4091632,33.2715766,2
MOUNT LEBANON,METN,ZALKA,Joyce Market,GROCERY,5,35.5762291,33.8979268,2
MOUNT LEBANON,SHOUF,DAMOUR,Fresh DM,GROCERY,4,35.4548976,33.7312361,2
MOUNT LEBANON,ALEY,BCHEMOUN,abo jad m.m,GROCERY,5,35.5304113,33.7815854,2
MOUNT LEBANON,ALEY,BCHEMOUN,Rasamny Tobacco,SPECIALIST,4,35.5294017,33.7826919,2
MOUNT LEBANON,ALEY,DAWHAT AARAMOUN,Transit Sm,GROCERY,4,35.4828728,33.7823238,2
MOUNT LEBANON,SHOUF,WADI EL ZAYNEH,Aaloushi for tobacco,SPECIALIST,4,35.4137659,33.6213858,2
MOUNT LEBANON,SHOUF,KETERMEYA,Maymoun Ketermaya,Newelneh,4,35.4755584,33.6133723,2
MOUNT LEBANON,SHOUF,WADI EL ZAYNEH,Rida MM,GROCERY,4,35.4058871,33.6215455,2
MOUNT LEBANON,SHOUF,DAMOUR,Mayyil (Damour),GROCERY,4,35.4537315,33.73148,2
MOUNT LEBANON,SHOUF,JIYEH,jyeh sm (el Ali),GROCERY,5,35.4235905,33.6749509,2
MOUNT LEBANON,SHOUF,JIYEH,jyeh m.m,GROCERY,5,35.4222831,33.6640075,2
MOUNT LEBANON,SHOUF,KFARHIM,Stop & Shop Kfarim,GROCERY,4,35.5137917,33.6896615,2
MOUNT LEBANON,SHOUF,KFARHIM,Queens park,Newelneh,4,35.6016121,33.6674675,2
MOUNT LEBANON,SHOUF,BOQAATA,Cheers And Beers,GROCERY,4,35.596839,33.6718188,2
MOUNT LEBANON,SHOUF,BOQAATA,Royal,GROCERY,4,35.599843,33.6700123,2
MOUNT LEBANON,SHOUF,BOQAATA,Al Nimer MM,GROCERY,4,35.6024877,33.6660055,2
MOUNT LEBANON,ALEY,DAWHAT AARAMOUN,Ranim MM,GROCERY,4,35.4874155,33.7815562,2
MOUNT LEBANON,METN,HAMMANA,Picknick,GROCERY,4,35.7326666,33.826565,2
MOUNT LEBANON,ALEY,DAWHAT AARAMOUN,coffe 24 dawha,Newelneh,4,35.4875065,33.7969188,2
MOUNT LEBANON,ALEY,DAWHAT AARAMOUN,family m.m,GROCERY,5,35.4919719,33.7836467,2
MOUNT LEBANON,ALEY,DAWHAT AARAMOUN,Al Soultan Café,Newelneh,5,35.4987775,33.7750134,2
MOUNT LEBANON,METN,BOURJ HAMMOUD,Café Asmar,Newelneh,6,35.5471004,33.8936498,2
BEIRUT,RAS BEIRUT,HAMRA,Address (Masref),Newelneh,5,35.4876592,33.8953289,2
BEIRUT,RAS BEIRUT,KRAITEM,LAU Saj,Newelneh,6,35.4786,33.8918538,2
BEIRUT,RAS BEIRUT,HAMRA,1 Dollar,GROCERY,4,35.4787416,33.8945179,2
BEIRUT,RAS BEIRUT,HAMRA,Comodore Market,GROCERY,5,35.4800564,33.894808,2
BEIRUT,RAS BEIRUT,AIN MREISSEH,Coffe Time,Newelneh,5,35.4923361,33.9024194,2
BEIRUT,RAS BEIRUT,Manara,Fadi Sleit,GROCERY,5,35.4758389,33.9016713,2
BEIRUT,RAS BEIRUT,Rawshe,Smile Cofe,Newelneh,5,35.4724428,33.888996,2
NORTH,ZGHARTA,MAJDELAYA,Fatat Khouder,GROCERY,5,35.8819763,34.4108541,2
NORTH,ZGHARTA,ZGHARTA RURAL,Princes Market,GROCERY,5,35.8960815,34.3952776,2
NORTH,GREATER TRIPOLI,TRIPOLI CITY,Hoz Mall,GROCERY,4,35.829694,34.4307978,2
NORTH,GREATER TRIPOLI,TRIPOLI CITY,Al Salam Café,Newelneh,5,35.8266313,34.4209703,2
NORTH,GREATER TRIPOLI,MINA,Multy Smoke Shop,SPECIALIST,5,35.8129608,34.4501259,2
NORTH,GREATER TRIPOLI,KOBBEH,Mohamad Dib mm,GROCERY,5,35.8500237,34.4362646,2
NORTH,GREATER TRIPOLI,KOBBEH,Hala Bel Khamis,GROCERY,5,35.8484679,34.4321829,2
NORTH,GREATER TRIPOLI,KOBBEH,Arghalit Al Merhabi,SPECIALIST,5,35.8483337,34.4319759,2
NORTH,GREATER TRIPOLI,MINA,Jamra,SPECIALIST,5,35.8188299,34.4488422,2
NORTH,GREATER TRIPOLI,TRIPOLI CITY,Al moulouk,Newelneh,5,35.8302016,34.4410822,2
NORTH,GREATER TRIPOLI,TRIPOLI CITY,Mosalm MM,GROCERY,5,35.8396507,34.4303191,2
NORTH,GREATER TRIPOLI,TRIPOLI CITY,Habib Café,Newelneh,5,35.8375758,34.4301964,2
NORTH,GREATER TRIPOLI,KALAMOUN,Café G&J,Newelneh,4,35.8183971,34.4070506,2
NORTH,GREATER TRIPOLI,ABU SAMRA,Labneh w zaytouneh,GROCERY,5,35.8408776,34.4226799,2
NORTH,GREATER TRIPOLI,ABU SAMRA,Al hourieh sm,GROCERY,5,35.8502654,34.4195252,2
MOUNT LEBANON,DAHYEH,HARET HREIK,Abou Ali Rachid,GROCERY,5,35.5177231,33.8463968,2
MOUNT LEBANON,DAHYEH,HARET HREIK,Al Tayebat,GROCERY,5,35.5169693,33.8485538,2
MOUNT LEBANON,DAHYEH,AMERCAN,Al Soultan Market,GROCERY,5,35.5257942,33.8479259,2
MOUNT LEBANON,DAHYEH,AMERCAN,Ghandour,GROCERY,5,35.5257942,33.8479259,2
MOUNT LEBANON,BAABDA,BIR HASSAN,Jabal Aamel Market,GROCERY,4,35.4852134,33.8647804,2
MOUNT LEBANON,BAABDA,BIR HASSAN,Al Chaaer,GROCERY,5,35.4836671,33.8641686,2
MOUNT LEBANON,BAABDA,BIR HASSAN,Wazneh,GROCERY,5,35.4836671,33.8641686,2
MOUNT LEBANON,BAABDA,HAZMIEH,Dagher Market,GROCERY,5,35.5464277,33.8527531,2
MOUNT LEBANON,METN,MANSOURIEH,In and Out,Newelneh,5,35.5569319,33.8599836,2
MOUNT LEBANON,ALEY,DAWHAT AARAMOUN,Dad's Market,GROCERY,4,35.4875909,33.795136,2
BEIRUT,MAZRAA,BARBOUR,Coffee Shop,Newelneh,5,35.5027233,33.8792388,2
BEIRUT,MAZRAA,RAS EL NABAA,Café Othman,Newelneh,5,35.5072138,33.8821548,2
MOUNT LEBANON,BAABDA,Tayouneh,Lydia Market,GROCERY,5,35.5134671,33.868832,2
BECAA,ZAHLE,Zahleh Rural,Al Jawad (Marj),GROCERY,5,35.8839324,33.7633016,2
BECAA,ZAHLE,Zahleh Rural,George Zoughai,GROCERY,4,35.823075,33.796786,2
MOUNT LEBANON,METN,DEKWANEH,Abou Elie,GROCERY,5,35.5505942,33.8723074,2
MOUNT LEBANON,METN,BROUMANA,Ados Drive Through,Newelneh,5,35.650325,33.8880248,2
MOUNT LEBANON,KESERWAN,ADMA,Carrefour (Adma),Super Market,5,35.6471383,34.0223848,2
MOUNT LEBANON,KESERWAN,FARAIYA,High Market,GROCERY,5,35.838481,33.9939646,2
NORTH,GREATER TRIPOLI,TRIPOLI CITY,Toufik Café,Newelneh,5,35.832562,34.4427761,2
MOUNT LEBANON,METN,NACCACHE,Ani Market,GROCERY,6,35.5977984,33.9262993,2
MOUNT LEBANON,SHOUF,DAMOUR,Total Ras Gaz Damour,Petrol Station,4,35.4530771,33.7238629,2
BEIRUT,MAZRAA,TARIQ EL JDIDE,Ramzi Café,Newelneh,4,35.5006619,33.8710604,2
SOUTH,TYR,TYR,Sour SM,GROCERY,5,35.2041911,33.2672241,2
SOUTH,TYR,DEIR QANOUN,Istehlakiet Al Mothalath,GROCERY,5,35.302436,33.3017732,2
NORTH,BATROUN,CHEKKA,Samira Café,Newelneh,5,35.7318226,34.355791,2
BEIRUT,MAZRAA,BARBOUR,Abo Sami Market (Barbour),GROCERY,4,35.497325,33.8799616,2
MOUNT LEBANON,ALEY,CHOUEIFAT,Black & White Café,Newelneh,5,35.5215916,33.8157133,2
NABATIEH,BENT JBEIL,HARIS,Seven Eleven,GROCERY,4,35.3732908,33.1811104,2
NORTH,GREATER TRIPOLI,KALAMOUN,Al Rayan Café,Newelneh,5,35.7810411,34.382539,2
NORTH,GREATER TRIPOLI,TRIPOLI CITY,Golden Jamal (Dam W Farz),GROCERY,5,35.8283551,34.4278205,2
NORTH,GREATER TRIPOLI,TRIPOLI CITY,Ali Al Shaiekh Café,Newelneh,5,35.8331307,34.4414149,2
NORTH,KOURA,DAHR EL AIN,Al Asli Café,Newelneh,5,35.8428274,34.3954048,2
NORTH,BATROUN,CHEKKA,Pertroleb,Newelneh,5,35.7323202,34.3214834,2
MOUNT LEBANON,METN,MTAILEB,Speedy (Rabieh),GROCERY,6,35.6168204,33.9198318,2
MOUNT LEBANON,DAHYEH,HARET HREIK,Maymoun Harat,Newelneh,5,35.506085,33.85465,2
MOUNT LEBANON,DAHYEH,Ozai,Maymoun Ozai,Newelneh,5,35.4842083,33.8317983,2
MOUNT LEBANON,DAHYEH,LAYLAKI,Al Nour (Laylaki),GROCERY,5,35.5153666,33.8334866,2
MOUNT LEBANON,DAHYEH,HARET HREIK,Asia Market,GROCERY,5,35.516825,33.83963,2
NORTH,GREATER TRIPOLI,TRIPOLI CITY,King Chockolat,GROCERY,5,35.8287201,34.4419231,2
MOUNT LEBANON,METN,BROUMANA,Speed Stop (Newelneh),Newelneh,5,35.6191601,33.8755867,2
MOUNT LEBANON,BAABDA,AIN EL ROUMENEH,HK Liqueur Store,Newelneh,5,35.5269787,33.8645116,2
MOUNT LEBANON,KESERWAN,AACHQOUT,Abi Rachid,SPECIALIST,4,35.7188772,33.9886114,2
MOUNT LEBANON,METN,DEKWANEH,Yaakoub MM,GROCERY,6,35.5465307,33.8762863,2
MOUNT LEBANON,ALEY,BCHEMOUN,bshamoun tobaco,SPECIALIST,5,35.4928395,33.7937734,2
MOUNT LEBANON,ALEY,CHOUEIFAT,Al Khal,GROCERY,5,35.5172144,33.8071439,2
MOUNT LEBANON,METN,MTAILEB,Abou Riad,Newelneh,5,35.6319487,33.9258999,2
MOUNT LEBANON,METN,ZALKA,Al Rayes,Newelneh,5,35.5744065,33.9045613,2
BEIRUT,ACHRAFIEH,Karantina,Via A Vent,Newelneh,5,35.5260215,33.8994956,2
MOUNT LEBANON,METN,JAL EL DIB,Bonnes Choses,GROCERY,5,35.5850461,33.9125332,2
MOUNT LEBANON,METN,JAL EL DIB,Jaddo's,Newelneh,5,35.5828669,33.9102455,2
MOUNT LEBANON,METN,ZALKA,Stop Market,GROCERY,5,35.5704543,33.8987866,2
MOUNT LEBANON,METN,ANTELIAS,Offer Market,GROCERY,5,35.5949567,33.9081014,2
NORTH,GREATER TRIPOLI,TRIPOLI CITY,Richie's Tobacco & More,SPECIALIST,5,35.8310908,34.4353621,2
NORTH,KOURA,DAHR EL AIN,Moni café,Newelneh,5,35.8365887,34.4061657,2
BEIRUT,MAZRAA,RAS EL NABAA,Stop & Shop Ras El Nabea,GROCERY,4,35.5055383,33.8801999,2
MOUNT LEBANON,DAHYEH,JAMOUS,City Mart,GROCERY,5,35.51908,33.8433116,2
MOUNT LEBANON,DAHYEH,SFEIR,Jaafar Kiosk Sfeir,Newelneh,4,35.5176683,33.85293,2
MOUNT LEBANON,BAABDA,GHOUBAIRI,Amal Kiosk Moucharafieh,Newelneh,5,35.5114133,33.8594466,2
MOUNT LEBANON,DAHYEH,HAY AL SOLOUM,Corner Market,GROCERY,5,35.516345,33.82775,2
NABATIEH,BENT JBEIL,HARIS,Abou Rakhousa,GROCERY,5,35.379579,33.1813914,2
SOUTH,TYR,QANA,Borji,GROCERY,5,35.2957759,33.2099452,2
NABATIEH,BENT JBEIL,TEBNINE,SM ABOU KAMAL,GROCERY,4,35.3964433,33.1903755,2
BEIRUT,RAS BEIRUT,KRAITEM,Epi Dor LAU,GROCERY,4,35.4779554,33.8922872,2
MOUNT LEBANON,ALEY,CHOUEIFAT,Tiba Café,Newelneh,5,35.522865,33.8169416,2
MOUNT LEBANON,DAHYEH,HARET HREIK,Abou Fawaz,GROCERY,5,35.51017,33.8562283,2
BEIRUT,RAS BEIRUT,HAMRA,Al Sirat shopping,GROCERY,5,35.4824216,33.8960569,2
BEIRUT,RAS BEIRUT,HAMRA,Yoggy Café,Newelneh,5,35.4771637,33.8945979,2
BEIRUT,RAS BEIRUT,HAMRA,Coffee Mart,Newelneh,5,35.4785295,33.8940701,2
BEIRUT,MOUSAITBEH,MAR ELIAS,Mazare3 Al Rawabi,GROCERY,5,35.4947848,33.8894818,2
BECAA,ZAHLE,Zahleh Rural,Jawad Market,GROCERY,6,35.8665469,33.8148786,2
BECAA,BAALBACK,BAALBACK,Abou Fadi,GROCERY,5,36.1350338,33.9870162,2
BECAA,ZAHLE,Zahleh Rural,Swiss Market,GROCERY,5,36.0249797,33.8587964,2
BECAA,ZAHLE,Zahleh Rural,Abou Aasali,GROCERY,5,35.8213929,33.7943475,2
MOUNT LEBANON,METN,BIKFAYA,Semaan Market,GROCERY,6,35.6760414,33.9181151,2
MOUNT LEBANON,METN,BIKFAYA,Joseph Hajj Botrous Market,GROCERY,5,35.6767218,33.9184638,2
MOUNT LEBANON,ALEY,DAWHAT AARAMOUN,Shareef SM,GROCERY,4,35.48393,33.789546,2
MOUNT LEBANON,ALEY,KAHHALEH,Café Kahaleh,Newelneh,5,35.588412,33.8256224,2
MOUNT LEBANON,ALEY,ALEY,Cheers Up,GROCERY,5,35.6093519,33.8135154,2
MOUNT LEBANON,BAABDA,HADATH,Market plus hadath,GROCERY,5,35.5341613,33.8314618,2
MOUNT LEBANON,BAABDA,FURN EL CHEBBAK,Maiel Coral,Petrol Station,5,35.5262425,33.8679527,2
NORTH,KOURA,AMIOUN,Shammas Market,GROCERY,5,35.8131277,34.299358,2
MOUNT LEBANON,JBEIL,JDAYEL,Haifa Market,GROCERY,5,35.6369622,34.1599953,2
NORTH,BATROUN,CHEKKA,Oregano Market,GROCERY,5,35.7260941,34.3196801,2
MOUNT LEBANON,BAABDA,CHIYAH,Toren Café,Newelneh,5,35.5103166,33.8618133,2
NORTH,GREATER TRIPOLI,TRIPOLI CITY,Hawchar SM,GROCERY,5,35.8362519,34.4407972,2
BAABDA,MOUNT LEBANON,BAABDA,coffe drinks hadath,Newelneh,5,35.5347127,33.8481569,2
MOUNT LEBANON,ALEY,KABER SHMOUN,express drakaress,Newelneh,4,35.54281,33.7527419,2
NORTH,BATROUN,BATROUN CITY,Deken Market,GROCERY,5,35.6610235,34.2480446,2
MOUNT LEBANON,JBEIL,AMCHIT,George Derianous,GROCERY,5,35.6449407,34.1378029,2
MOUNT LEBANON,ALEY,DAWHAT AARAMOUN,sweet spot,GROCERY,4,35.4861414,33.7985292,2
MOUNT LEBANON,SHOUF,RMEILET,Adam 's SM,GROCERY,5,35.3998808,33.6108274,2
MOUNT LEBANON,BAABDA,HADATH,Sold Mart Hadath,GROCERY,5,35.5328107,33.8350385,2
MOUNT LEBANON,ALEY,KABER SHMOUN,m.m al jabal,GROCERY,4,35.5475231,33.7560707,2
MOUNT LEBANON,ALEY,ALEY,Hag Mag,GROCERY,4,35.6301157,33.8134815,2
MOUNT LEBANON,METN,JDEIDEH/BOUCHRIEH,Liquor Shop,GROCERY,5,35.5594109,33.887587,2
BEIRUT,ACHRAFIEH,SASSINE,Sassine Café,Newelneh,5,35.5210403,33.8869738,2
BEIRUT,ACHRAFIEH,SASSINE,Dobizz Shop,GROCERY,5,35.5237642,33.8859691,2
MOUNT LEBANON,METN,DEKWANEH,Em Maroun,GROCERY,5,35.5510151,33.8753319,2
MOUNT LEBANON,METN,DEKWANEH,Sold Mart Dekweneh,GROCERY,5,35.5472851,33.8776568,2
BEIRUT,RAS BEIRUT,HAMRA,Luna Market,GROCERY,5,35.4787374,33.8945294,2
BEIRUT,BASHOURA,BECHARA EL KHOURY,Kahwatea,Newelneh,5,35.5066869,33.8901084,2
MOUNT LEBANON,METN,BOLONIA,Bob Stop,Newelneh,6,35.7475653,33.9122903,2
MOUNT LEBANON,KESERWAN,JAAITA,Sukkar Market,GROCERY,5,35.6501663,33.9543656,2
MOUNT LEBANON,KESERWAN,AAJALTOUN,Fi Min Kil Shi,Newelneh,5,35.6813364,33.9558186,2
NORTH,GREATER TRIPOLI,MINA,Faydollah Smoke,SPECIALIST,5,35.8189493,34.4459855,2
NORTH,GREATER TRIPOLI,TRIPOLI CITY,Shop & Save (Nadim El Jisser),GROCERY,5,35.8328284,34.4406949,2
NORTH,GREATER TRIPOLI,TRIPOLI CITY,Tarek Ajjaj,GROCERY,5,35.8303618,34.4446043,2
NORTH,GREATER TRIPOLI,TRIPOLI CITY,Matjar Market,GROCERY,5,35.829799,34.4413737,2
NORTH,AKAR,HALBA,Coin Market,GROCERY,5,36.062751,34.538231,2
NORTH,KOURA,DAHR EL AIN,Family Saving Center,GROCERY,5,35.8476132,34.3832334,2
NORTH,GREATER TRIPOLI,TRIPOLI CITY,abou halka tobacco,SPECIALIST,5,35.838802,34.4404317,2
MOUNT LEBANON,KESERWAN,HRAJEL,PR Market,GROCERY,5,35.7461981,34.0009101,2
MOUNT LEBANON,KESERWAN,HRAJEL,Blue Market,GROCERY,5,35.7575158,34.0081816,2
MOUNT LEBANON,KESERWAN,HRAJEL,Al Basateen,GROCERY,5,35.7678052,34.0108994,2
MOUNT LEBANON,KESERWAN,FARAIYA,Drive'N Go,Newelneh,5,35.7808492,34.0145714,2
MOUNT LEBANON,KESERWAN,ZOUK MOSBEH,M&M Jeita,Newelneh,5,35.6489821,33.953975,2
MOUNT LEBANON,KESERWAN,JOUNIEH CITY,Jounieh Market,GROCERY,5,35.6297438,33.983051,2
MOUNT LEBANON,DAHYEH,TAHWITA AL GHADEER,Corner cafe 47,Newelneh,5,35.5024366,33.8333133,2
MOUNT LEBANON,DAHYEH,TAHWITA AL GHADEER,Adib Market,GROCERY,6,35.508805,33.83191,2
MOUNT LEBANON,BAABDA,BIR HASSAN,Allo Market,GROCERY,6,35.48453,33.8605733,2
MOUNT LEBANON,BAABDA,BIR HASSAN,Al Rimal (OZ),GROCERY,5,35.4844866,33.834915,2
MOUNT LEBANON,DAHYEH,HARET HREIK,Nassour,GROCERY,5,35.5119183,33.855685,2
MOUNT LEBANON,DAHYEH,HARET HREIK,Al Zein (SH),GROCERY,5,35.5100583,33.8568583,2
SOUTH,TYR,BAZOURIYE,Jbara Market,GROCERY,5,35.2721772,33.2597721,2
SOUTH,TYR,SIDIKIN,Bakri mall,GROCERY,4,35.3051613,33.1967278,2
BEIRUT,RAS BEIRUT,HAMRA,Havana Market,GROCERY,5,35.4864074,33.8953809,2
BEIRUT,RAS BEIRUT,HAMRA,Maashouk Café,Newelneh,5,35.4829028,33.8939712,2
MOUNT LEBANON,METN,DORA,St. Charbel,GROCERY,5,35.5550151,33.8909578,2
MOUNT LEBANON,METN,ANTELIAS,Al Haiba Café,Newelneh,5,35.585252,33.9195763,2
BEIRUT,MARFAA,BEIRUT PORT,Café Nader,Newelneh,5,35.5130419,33.8972614,2
NORTH,BATROUN,CHEKKA,Black Market,GROCERY,5,35.7407178,34.3251431,2
BECAA,ZAHLE,Zahleh Rural,Aabd Al Ghani,GROCERY,5,35.9086512,33.7620017,2
BEIRUT,RAS BEIRUT,HAMRA,T Mart,GROCERY,4,35.4837998,33.8968883,2
BEIRUT,RAS BEIRUT,HAMRA,D 2 D Bliss,GROCERY,5,35.4838887,33.8990306,2
BEIRUT,RAS BEIRUT,HAMRA,Vape & More LAU,SPECIALIST,5,35.4774768,33.8936029,2
BEIRUT,RMEIL,MAR MICHAEL,Dukan Du Port,Newelneh,5,35.5381307,33.9011029,2
BEIRUT,ACHRAFIEH,Sagesse,Uppy Car,Newelneh,5,35.5168263,33.8919865,2
BEIRUT,SAIFI,TABARIS,Le Café,GROCERY,5,35.5116549,33.8921966,2
MOUNT LEBANON,METN,DORA,Dimi Market (Wardieh ),Petrol Station,5,35.557181,33.8951564,2
MOUNT LEBANON,METN,ZALKA,U Shop Kiosk,Petrol Station,5,35.5728932,33.9028732,2
NORTH,GREATER TRIPOLI,TRIPOLI CITY,Totanji Store,GROCERY,5,35.8287993,34.4440379,2
NORTH,GREATER TRIPOLI,TRIPOLI CITY,VIP Lounge,SPECIALIST,5,35.8355253,34.4404493,2
MOUNT LEBANON,METN,SIN EL FIL,U Shop Khoury,Petrol Station,5,35.5388698,33.8694942,2
NABATIEH,BENT JBEIL,YATER,Al khalil,SPECIALIST,3,35.3472758,33.1659614,2
MOUNT LEBANON,METN,ZALKA,Uniprix,GROCERY,5,35.5750889,33.902433,2
MOUNT LEBANON,METN,BOURJ HAMMOUD,Newelne (24/7)B,Newelneh,5,35.547998,33.8920007,2
SOUTH,TYR,SIDIKIN,Al Malak mm,GROCERY,5,35.3109869,33.1751155,2
BEIRUT,RAS BEIRUT,VERDUN,Darwish Market (Qouraytem),GROCERY,5,35.4802549,33.8905549,2
BEIRUT,MOUSAITBEH,YAZBIK,Imad Market,GROCERY,5,35.4956116,33.8806222,2
MOUNT LEBANON,METN,HAMMANA,Beirut Café,GROCERY,5,35.733599,33.8386415,2
MOUNT LEBANON,BAABDA,HADATH,T Market,GROCERY,4,35.5299438,33.8364093,2
MOUNT LEBANON,SHOUF,JIYEH,Big Cup,Newelneh,5,35.4241039,33.6865819,2
NORTH,GREATER TRIPOLI,TRIPOLI CITY,OMT (Dam W Farz),GROCERY,5,35.8310205,34.4310742,2
NORTH,GREATER TRIPOLI,ABU SAMRA,4 U Market,GROCERY,5,35.8399819,34.4263428,2
MOUNT LEBANON,JBEIL,NAHER IBRAHIM,Blue Market,GROCERY,5,35.6445992,34.0721764,2
MOUNT LEBANON,KESERWAN,AAQEIBE,Khairallah Market,GROCERY,5,35.6434652,34.0673074,2
MOUNT LEBANON,METN,JDEIDEH/BOUCHRIEH,Trader Jhony (ALMAZA),Newelneh,5,35.5627288,33.8944574,2
BEIRUT,ACHRAFIEH,HOTEL DIEU,Le Casa,Newelneh,5,35.520167,33.8818859,2
BEIRUT,ACHRAFIEH,SODECO,24/7 Sodico,GROCERY,5,35.5087378,33.8859401,2
MOUNT LEBANON,BAABDA,HAZMIEH,Tobacco & More 2,SPECIALIST,5,35.5292664,33.8629989,2
NORTH,KOURA,KFAR HAZIR,Nicolas Market,GROCERY,5,35.7754798,34.3071538,2
MOUNT LEBANON,KESERWAN,FARAIYA,Le Frigo,GROCERY,5,35.7762649,33.9888983,2
SOUTH,TYR,TYR,Al Asar mm,GROCERY,5,35.2153505,33.2690135,2
SOUTH,TYR,TYR,Saad,GROCERY,5,35.2187604,33.2798238,2
SOUTH,TYR,TYR,Café 24 (Tyr),Newelneh,4,35.2253111,33.2863797,2
SOUTH,TYR,BORJ RAHAL,S Mart & Café,Petrol Station,5,35.2509448,33.3304754,2
SOUTH,TYR,TYR,Al Noumairi,GROCERY,5,35.2577734,33.3547468,2
SOUTH,TYR,AL KHARAYEB,Bourak,GROCERY,5,35.3015228,33.346916,2
SOUTH,TYR,ZRARIYI,Chrara,GROCERY,5,35.3247348,33.344504,2
SOUTH,TYR,BRAIKIA,Al Bourj,GROCERY,6,35.3737473,33.3399113,2
NABATIEH,BENT JBEIL,TEBNINE,Hamoud liltamween,GROCERY,5,35.3939858,33.1899266,2
NABATIEH,BENT JBEIL,TEBNINE,Hamoud restaurant,GROCERY,5,35.4149775,33.1970944,2
NABATIEH,BENT JBEIL,TEBNINE,Abou Khalil,GROCERY,5,35.406352,33.1856118,2
NABATIEH,BENT JBEIL,HARIS,Hijazi Market,GROCERY,5,35.3865618,33.1868051,2
NABATIEH,BENT JBEIL,HARIS,Hasanein,GROCERY,6,35.381172,33.1834571,2
NABATIEH,BENT JBEIL,HARIS,Al Salam,GROCERY,6,35.3809459,33.1836085,2
NABATIEH,BENT JBEIL,TEBNINE,Abdallah saka,GROCERY,5,35.406106,33.2075798,2
NABATIEH,BENT JBEIL,HARIS,Ranin,GROCERY,5,35.3801362,33.1828588,2
NABATIEH,BENT JBEIL,HARIS,Haris COOP 2,GROCERY,5,35.3765668,33.1811287,2
NABATIEH,BENT JBEIL,HARIS,Fawzi chaaban mm,GROCERY,5,35.3761812,33.1809788,2
NABATIEH,BENT JBEIL,HARIS,Al Ameer MM,GROCERY,5,35.3901396,33.188132,2
SOUTH,TYR,RAS EL EIN,Swaidan MM,GROCERY,5,35.2227614,33.2348387,2
SOUTH,TYR,Borj EL Shamali,Housh mm,GROCERY,6,35.2323659,33.2480599,2
SOUTH,TYR,RAS EL EIN,Siklawi,SPECIALIST,3,35.2226671,33.2352441,2
SOUTH,TYR,RAS EL EIN,Srour mm,GROCERY,5,35.2231374,33.2265087,2
SOUTH,TYR,BORJ EL SHMALI,Barakat Market,GROCERY,5,35.2318314,33.2480147,2
SOUTH,TYR,HANAWAY,Family mkt,GROCERY,5,35.2783039,33.2228135,2
SOUTH,TYR,SIDIKIN,Sigarette Shop,SPECIALIST,3,35.3059238,33.1898131,2
SOUTH,TYR,SIDIKIN,Maria MArket,GROCERY,5,35.3063182,33.1924337,2
SOUTH,TYR,SIDIKIN,Al Aameed,SPECIALIST,3,35.3067618,33.193987,2
SOUTH,TYR,SIDIKIN,Boustany,GROCERY,5,35.3065993,33.1942661,2
SOUTH,TYR,SIDIKIN,AK Market,GROCERY,6,35.3044962,33.1974726,2
SOUTH,TYR,QANA,Waked Adib,GROCERY,5,35.3003095,33.2076565,2
SOUTH,TYR,QANA,Hallal Market,GROCERY,5,35.3000273,33.2071169,2
SOUTH,TYR,QANA,Atieh Market,GROCERY,5,35.2932891,33.2120365,2
SOUTH,TYR,QANA,AL KARIM,GROCERY,6,35.29285,33.212349,2
SOUTH,TYR,QANA,Dakhlallah,GROCERY,5,35.2961245,33.210225,2
SOUTH,TYR,AITET,Ali Dbouk,GROCERY,5,35.3365502,33.2003297,2
SOUTH,TYR,AITET,Dbouk Lil Tamween,GROCERY,5,35.3317707,33.2040883,2
SOUTH,TYR,AITET,Baydoun Aitit,GROCERY,5,35.3141157,33.2169134,2
SOUTH,TYR,HANAWAY,Tefaha mm,GROCERY,5,35.2781676,33.2228917,2
SOUTH,TYR,HANAWAY,Mourtada mm,GROCERY,5,35.277094,33.2242491,2
SOUTH,TYR,HANAWAY,Al Mahata,GROCERY,5,35.2697875,33.2264917,2
SOUTH,TYR,KAFRA,Abou Merei Lil Tawfeer,GROCERY,5,35.3475816,33.1659966,2
SOUTH,SAIDA,SARAFAND,Al Kalaa SM,GROCERY,5,35.2809843,33.4482793,2
SOUTH,SAIDA,SARAFAND,Rahmeh SM,GROCERY,5,35.2956426,33.4617913,2
NABATIEH,NABATIEH,DWEIR,Zahi SM,GROCERY,5,35.4259753,33.3903489,2
NABATIEH,NABATIEH,DWEIR,Talal SM,GROCERY,5,35.415573,33.3938454,2
NABATIEH,NABATIEH,NABATIYET EL FAOUQA,Ready SM (Nabatieh),GROCERY,5,35.4982506,33.359899,2
MOUNT LEBANON,METN,ANTELIAS,Come & Go,Newelneh,5,35.5750828,33.905771,2
MOUNT LEBANON,METN,JAL EL DIB,Najem Newelneh,GROCERY,6,35.5833511,33.9060464,2
MOUNT LEBANON,DAHYEH,AMERCAN,Coffee Center,Newelneh,5,35.5269983,33.8562866,2
BEIRUT,RMEIL,MAR MICHAEL,M Mart,GROCERY,5,35.5195402,33.8948039,2
MOUNT LEBANON,METN,BROUMANA,Buy & Bye,Newelneh,5,35.6316291,33.883753,2
MOUNT LEBANON,METN,BROUMANA,Quickly Pick,Newelneh,5,35.6242462,33.8791824,2
MOUNT LEBANON,METN,BROUMANA,E Signature,GROCERY,5,35.6315016,33.8835846,2
MOUNT LEBANON,METN,DEKWANEH,Break In,Newelneh,5,35.5475568,33.8854142,2
MOUNT LEBANON,METN,DEKWANEH,Gourmeh De Light,Newelneh,5,35.5479583,33.8860646,2
SOUTH,TYR,ABASIYEH,Smart Mart,GROCERY,5,35.2698672,33.2985462,2
SOUTH,TYR,SRIFA,Taawniet Aitaroun Al Koubra,GROCERY,5,35.4027604,33.2743422,2
BEIRUT,MAJIDIYEH,DOWN TOWN,HIBOU DT,Super Market,5,35.501403,33.8994755,2
BEIRUT,RAS BEIRUT,VERDUN,HIBOU Verdun,Super Market,5,35.4833032,33.8869112,2
MOUNT LEBANON,ALEY,ALEY,Carrefour Aley,GROCERY,5,35.5979822,33.8072535,2
SOUTH,TYR,AL KHARAYEB,Al Jamila Plus,GROCERY,5,35.2955496,33.3514362,2
SOUTH,TYR,JOUIAYA,Trust mm,GROCERY,5,35.3348937,33.2418034,2
BEIRUT,MAZRAA,BADARO,Puff Zone Badaro,SPECIALIST,5,35.5170033,33.87576,2
NORTH,ZGHARTA,ZGHARTA RURAL,Premuim Cigar,SPECIALIST,5,35.8957438,34.3960451,2
NORTH,GREATER TRIPOLI,KOBBEH,Al Jamal Co Mart,GROCERY,5,35.8494047,34.4314258,2
BECAA,ZAHLE,Zahleh Rural,Fares SM,GROCERY,4,35.9132939,33.7186253,2
BECAA,ZAHLE,Zahleh Rural,Ahmad Al Aajami,GROCERY,5,35.9139052,33.7190088,2
BEIRUT,RMEIL,GEMMAYZE,Shop Point 2 (Gemayze),GROCERY,5,35.514415,33.8959861,2
MOUNT LEBANON,METN,ANTELIAS,Newelneh George,Newelneh,5,35.5760346,33.906183,2
MOUNT LEBANON,METN,ZALKA,Newelneh 4 Wheels,Newelneh,5,35.5743519,33.9050648,2
MOUNT LEBANON,METN,AATCHANE,Maten Café,Newelneh,5,35.6513277,33.9222981,2
BEIRUT,MAZRAA,BOURJ ABOU HAYDAR,AMY Market,GROCERY,5,35.4978384,33.8812612,2
BEIRUT,RAS BEIRUT,Manara,Saj Express Manara,Newelneh,5,35.4775174,33.902187,2
BEIRUT,RAS BEIRUT,HAMRA,Universal,Newelneh,5,35.4824602,33.8994008,2
MOUNT LEBANON,ALEY,KABER SHMOUN,faraj market,GROCERY,5,35.5431125,33.7527429,2
MOUNT LEBANON,SHOUF,DAMOUR,Dagher Bakery,GROCERY,5,35.4527528,33.7282759,2
MOUNT LEBANON,BAABDA,WADI CHAHROUR,buy the way,GROCERY,5,35.5532135,33.8178311,2
MOUNT LEBANON,METN,JDEIDEH/BOUCHRIEH,3a Tare2ak Nawelne (Jdeideh),Newelneh,5,35.5565443,33.891104,2
MOUNT LEBANON,METN,JDEIDEH/BOUCHRIEH,Blue Black Café,Newelneh,5,35.5609977,33.8937561,2
MOUNT LEBANON,JBEIL,HALAT,Auto Stop Halat,Newelneh,5,35.6511072,34.0798657,2
SOUTH,TYR,AIN BAAL,Abou Merhi Ain Baal,GROCERY,5,35.2687085,33.2270588,2
MOUNT LEBANON,METN,ANTELIAS,Door 2 Door,Newelneh,5,35.6014011,33.9157408,2
MOUNT LEBANON,METN,BOURJ HAMMOUD,Saro MM,GROCERY,5,35.5477699,33.8909719,2
MOUNT LEBANON,METN,QORNET CHEHWAN,Farha market,GROCERY,5,35.6534061,33.9217974,2
MOUNT LEBANON,DAHYEH,BOURJ EL BARAJNEH,Fresh Ka Farm,GROCERY,5,35.5059933,33.8410916,2
MOUNT LEBANON,BAABDA,BIR HASSAN,Vape & More Centro,SPECIALIST,5,35.4901733,33.8608516,2
NORTH,BATROUN,BATROUN CITY,Hala Market Batroun,Newelneh,5,35.6597192,34.2278657,2
NORTH,BATROUN,BATROUN CITY,Abou Hussein,Newelneh,5,35.6625626,34.238947,2
MOUNT LEBANON,JBEIL,HALAT,Break In,Newelneh,5,35.6322708,34.0423767,2
MOUNT LEBANON,BAABDA,BATCHAY,beb rizek,GROCERY,5,35.5351775,33.8235246,2
MOUNT LEBANON,ALEY,KABER SHMOUN,Bitar Market,GROCERY,5,35.5430734,33.7527407,2
NABATIEH,NABATIEH,KFAR ROUMMANE,Koubaisi Tobacco,SPECIALIST,5,35.4782761,33.4102609,2
NORTH,GREATER TRIPOLI,MINA,Top Shop,GROCERY,5,35.8132077,34.4494954,2
NORTH,GREATER TRIPOLI,MINA,Jamal mm,GROCERY,5,35.8219806,34.4462021,2
NORTH,ZGHARTA,MIRIATA,Nafas,SPECIALIST,5,35.9202425,34.4144875,2
NORTH,GREATER TRIPOLI,ABU SAMRA,Mr Smoke,SPECIALIST,5,35.8449242,34.4276917,2
BECAA,ZAHLE,Zahleh Rural,Al Joud SM,GROCERY,5,36.0178371,33.8716703,2
BECAA,ZAHLE,Zahleh Rural,Al Dekanji,GROCERY,5,36.0326644,33.8840047,2